Timestamp,Method,URL,StatusCode,DurationMs,UserId
2026-05-15T08:09:43.000+0000,GET,https://api.example.com/v2/analytics/reports?format=json&includeCharts=true,400,417.92,005RTflsXcnpSh5usn
2026-05-15T08:12:50.000+0000,PATCH,https://api.example.com/v1/opportunities/0065g00000XYZ789,201,1902.4,005YSkPYKH92eTDI71
2026-05-15T08:27:57.000+0000,GET,https://api.example.com/v1/products?category=Hardware&active=true&limit=50,200,2697.78,005kF1oE7O8QveX6vK
2026-05-15T08:28:28.000+0000,GET,https://api.example.com/v2/analytics/reports?format=json&includeCharts=true,201,2089.22,005vv0p3OISwzB0K7O
2026-05-15T08:29:40.000+0000,POST,https://api.sendgrid.com/v3/mail/send,200,2481.41,0052R0Nu40Vdfhf8Wx
2026-05-15T08:34:57.000+0000,POST,https://api.sendgrid.com/v3/mail/send,200,2088.57,005Ynmcy3aKWRusKd7
2026-05-15T08:36:19.000+0000,GET,https://api.example.com/v1/contacts?accountId=0015g00000ABC123&includeDetails=true,502,19274.6,0057Nwy9FZj5gdDxak
2026-05-15T08:38:30.000+0000,GET,https://api.example.com/v1/products?category=Hardware&active=true&limit=50,200,255.11,005sv0pc1vcFLoaN0b
2026-05-15T08:38:44.000+0000,POST,https://api.example.com/v1/opportunities,304,2934.26,0059ZjeX4gjnKN1Hhw
2026-05-15T08:40:49.000+0000,POST,https://api.example.com/v1/accounts,200,2515.46,005Ynmcy3aKWRusKd7
2026-05-15T08:51:51.000+0000,GET,https://api.example.com/v2/analytics/reports?format=json&includeCharts=true,301,1439.42,0059ZjeX4gjnKN1Hhw
2026-05-15T08:53:31.000+0000,GET,https://api.example.com/v1/products?category=Software&active=true,204,1464.7,005YSkPYKH92eTDI71
2026-05-15T08:57:12.000+0000,GET,https://api.example.com/v1/contacts?accountId=0015g00000DEF456&includeDetails=true&page=2,200,2776.13,005kF1oE7O8QveX6vK
2026-05-15T09:01:06.000+0000,PATCH,https://api.example.com/v1/opportunities/0065g00000XYZ789,200,1367.85,005xP5oa2wEPwyaZJD
2026-05-15T09:04:05.000+0000,GET,https://api.example.com/v1/contacts?accountId=0015g00000ABC123&includeDetails=true,404,222.58,005jrXrm7gORxxNbqo
2026-05-15T09:07:32.000+0000,GET,https://api.stripe.com/v1/customers/cus_ABC123XYZ,200,2748.01,005oQP42Bw2i8t9kPl
2026-05-15T09:07:33.000+0000,GET,https://api.example.com/v2/analytics/reports/00O5g00000ABC123,204,1482.16,005dlwLliEa1vL7Ear
2026-05-15T09:07:50.000+0000,POST,https://api.example.com/v1/accounts/0015g00000ABC123,200,1947.01,005vCVTe9TzXV0p77O
2026-05-15T09:08:27.000+0000,GET,https://api.example.com/v1/accounts/0015g00000ABC123,200,2461.18,005VG0hbbiO2zEeMWN
2026-05-15T09:08:38.000+0000,GET,https://api.stripe.com/v1/customers/cus_ABC123XYZ,200,858.84,005xP5oa2wEPwyaZJD
2026-05-15T09:08:54.000+0000,POST,https://api.example.com/v1/cases/5005g00000LMN012,400,457.7,005VG0hbbiO2zEeMWN
2026-05-15T09:10:49.000+0000,GET,https://api.example.com/v1/cases,200,2859.64,005Hj5yiFz57vjm3Nc
2026-05-15T09:13:29.000+0000,PATCH,https://api.stripe.com/v1/customers/cus_ABC123XYZ,404,203.34,005gOv67Poec7yPHxr
2026-05-15T09:14:25.000+0000,GET,https://api.example.com/v1/accounts,304,2996.52,005Nkmxn1x4BUVeDYb
2026-05-15T09:14:46.000+0000,GET,https://api.example.com/v1/products?category=Hardware&active=true&limit=50,200,1085.52,005dlwLliEa1vL7Ear
2026-05-15T09:16:58.000+0000,POST,https://api.example.com/v1/accounts/0015g00000ABC123,503,29868.51,005xP5oa2wEPwyaZJD
2026-05-15T09:21:02.000+0000,GET,https://api.example.com/v1/products?category=Hardware&active=true&limit=50,200,2077.15,005Nkmxn1x4BUVeDYb
2026-05-15T09:23:16.000+0000,GET,https://api.example.com/v1/products?category=Software&active=true,301,2889.15,005YSkPYKH92eTDI71
2026-05-15T09:25:52.000+0000,GET,https://api.example.com/v2/analytics/reports/00O5g00000ABC123,200,999.66,005Nkmxn1x4BUVeDYb
2026-05-15T09:28:47.000+0000,POST,https://api.sendgrid.com/v3/mail/send,200,56.32,005VG0hbbiO2zEeMWN
2026-05-15T09:30:01.000+0000,POST,https://api.sendgrid.com/v3/mail/send,200,2690.73,005CCc4BsUeiqUfUfb
2026-05-15T09:32:01.000+0000,GET,https://api.example.com/v1/products?category=Software&active=true,503,12247.65,005gOv67Poec7yPHxr
2026-05-15T09:36:23.000+0000,GET,https://api.example.com/v2/analytics/reports/00O5g00000ABC123,201,1329.57,005xP5oa2wEPwyaZJD
2026-05-15T09:40:42.000+0000,POST,https://api.example.com/v1/cases,200,135.7,005sv0pc1vcFLoaN0b
2026-05-15T09:44:43.000+0000,GET,https://api.example.com/v1/accounts,200,1914.25,005sv0pc1vcFLoaN0b
2026-05-15T09:47:21.000+0000,PATCH,https://api.example.com/v1/opportunities/0065g00000XYZ789,200,521.01,005xP5oa2wEPwyaZJD
2026-05-15T09:53:11.000+0000,GET,https://api.example.com/v1/opportunities/0065g00000XYZ789,429,133.79,005dlwLliEa1vL7Ear
2026-05-15T09:54:02.000+0000,POST,https://api.example.com/v1/opportunities,404,319.02,005qsbB14vUYfD0aWn
2026-05-15T09:54:55.000+0000,POST,https://api.sendgrid.com/v3/mail/send,304,99.18,005jrXrm7gORxxNbqo
2026-05-15T10:03:06.000+0000,POST,https://api.example.com/v1/opportunities/0065g00000XYZ789,304,1436.29,005sv0pc1vcFLoaN0b
2026-05-15T10:09:53.000+0000,GET,https://api.example.com/v1/products?category=Hardware&active=true&limit=50,200,1630.7,005vv0p3OISwzB0K7O
2026-05-15T10:15:23.000+0000,GET,https://api.example.com/v1/opportunities,200,2034.12,005YSkPYKH92eTDI71
2026-05-15T10:15:51.000+0000,GET,https://api.example.com/v1/products?category=Software&active=true,200,1015.21,005vv0p3OISwzB0K7O
2026-05-15T10:18:18.000+0000,PATCH,https://api.example.com/v1/cases/5005g00000LMN012,403,407.46,005xP5oa2wEPwyaZJD
2026-05-15T10:20:57.000+0000,GET,https://api.stripe.com/v1/charges,200,2669.36,005xP5oa2wEPwyaZJD
2026-05-15T10:24:38.000+0000,GET,https://api.example.com/v2/analytics/reports/00O5g00000ABC123,200,2752.75,0053LgWjcgBi0E8F1j
2026-05-15T10:27:43.000+0000,GET,https://api.example.com/v1/accounts,200,284.5,00596fxuSqjbopWRfe
2026-05-15T10:28:51.000+0000,GET,https://api.example.com/v1/cases/5005g00000LMN012,200,1674.38,005CCc4BsUeiqUfUfb
2026-05-15T10:31:14.000+0000,GET,https://api.example.com/v2/analytics/reports?format=json&includeCharts=true,200,1210.7,005vCVTe9TzXV0p77O
2026-05-15T10:35:35.000+0000,PATCH,https://api.example.com/v1/cases,201,363.38,005RTflsXcnpSh5usn
2026-05-15T10:38:35.000+0000,POST,https://api.stripe.com/v1/charges,200,370.49,005vCVTe9TzXV0p77O
2026-05-15T10:46:27.000+0000,GET,https://api.example.com/v1/cases,200,2085.12,005enZmlCZH22AqBp9
2026-05-15T10:47:10.000+0000,GET,https://api.example.com/v2/analytics/reports?format=json&includeCharts=true,200,874.18,005oQP42Bw2i8t9kPl
2026-05-15T10:48:15.000+0000,PATCH,https://api.example.com/v1/cases,204,193.07,005Ynmcy3aKWRusKd7
2026-05-15T10:49:36.000+0000,POST,https://api.stripe.com/v1/charges,400,222.42,005gOv67Poec7yPHxr
2026-05-15T10:54:33.000+0000,PATCH,https://api.example.com/v1/cases,200,729.42,005enZmlCZH22AqBp9
2026-05-15T10:55:03.000+0000,POST,https://api.example.com/v1/accounts/0015g00000ABC123,201,906.78,005enZmlCZH22AqBp9
2026-05-15T10:58:02.000+0000,GET,https://api.stripe.com/v1/customers/cus_ABC123XYZ,200,2093.7,005Nkmxn1x4BUVeDYb
2026-05-15T10:59:47.000+0000,POST,https://api.stripe.com/v1/charges,200,1021.0,005oQP42Bw2i8t9kPl
2026-05-15T11:00:23.000+0000,GET,https://api.example.com/v2/analytics/reports?format=json&includeCharts=true,500,7076.56,005WCidKwFy7oV6gG4
2026-05-15T11:00:42.000+0000,PATCH,https://api.example.com/v1/cases/5005g00000LMN012,403,380.73,00596fxuSqjbopWRfe
2026-05-15T11:03:02.000+0000,PATCH,https://api.example.com/v1/opportunities/0065g00000XYZ789,200,2945.97,005RTflsXcnpSh5usn
2026-05-15T11:06:58.000+0000,GET,https://api.example.com/v2/analytics/reports/00O5g00000ABC123,201,656.79,005oQP42Bw2i8t9kPl
2026-05-15T11:08:57.000+0000,GET,https://api.example.com/v1/accounts/0015g00000ABC123,200,671.78,005qsbB14vUYfD0aWn
2026-05-15T11:11:36.000+0000,POST,https://api.example.com/v1/opportunities,200,1408.93,005jrXrm7gORxxNbqo
2026-05-15T11:13:10.000+0000,GET,https://api.example.com/v1/contacts?accountId=0015g00000DEF456&includeDetails=true&page=2,200,1122.76,0057Nwy9FZj5gdDxak
2026-05-15T11:14:51.000+0000,PATCH,https://api.example.com/v1/opportunities,500,16874.71,005oQP42Bw2i8t9kPl
2026-05-15T11:19:13.000+0000,GET,https://api.example.com/v1/products?category=Hardware&active=true&limit=50,200,2814.73,005VG0hbbiO2zEeMWN
2026-05-15T11:27:06.000+0000,GET,https://api.example.com/v2/analytics/reports?format=json&includeCharts=true,200,2100.88,0053LgWjcgBi0E8F1j
2026-05-15T11:31:32.000+0000,POST,https://api.example.com/v1/accounts/0015g00000ABC123,200,803.39,005CCc4BsUeiqUfUfb
2026-05-15T11:37:12.000+0000,POST,https://api.stripe.com/v1/charges,304,348.91,005vv0p3OISwzB0K7O
2026-05-15T11:38:20.000+0000,POST,https://api.example.com/v1/opportunities,200,1068.31,005CCc4BsUeiqUfUfb
2026-05-15T11:39:02.000+0000,GET,https://api.example.com/v1/contacts?accountId=0015g00000ABC123&includeDetails=true,200,2819.33,005RTflsXcnpSh5usn
2026-05-15T11:42:36.000+0000,GET,https://api.example.com/v1/contacts?accountId=0015g00000DEF456&includeDetails=true&page=2,403,198.57,0052R0Nu40Vdfhf8Wx
2026-05-15T11:47:31.000+0000,GET,https://api.example.com/v1/products?category=Hardware&active=true&limit=50,429,84.79,005vv0p3OISwzB0K7O
2026-05-15T11:54:21.000+0000,GET,https://api.example.com/v2/analytics/reports?format=json&includeCharts=true,200,713.24,005qsbB14vUYfD0aWn
2026-05-15T11:55:45.000+0000,GET,https://api.stripe.com/v1/customers/cus_ABC123XYZ,200,2822.62,005VG0hbbiO2zEeMWN
2026-05-15T11:59:12.000+0000,POST,https://api.example.com/v1/opportunities/0065g00000XYZ789,200,2122.55,005enZmlCZH22AqBp9
2026-05-15T12:05:07.000+0000,GET,https://api.example.com/v1/contacts?accountId=0015g00000DEF456&includeDetails=true&page=2,200,2001.16,005sv0pc1vcFLoaN0b
2026-05-15T12:07:58.000+0000,PATCH,https://api.example.com/v1/cases,200,1739.65,0053LgWjcgBi0E8F1j
2026-05-15T12:10:10.000+0000,GET,https://api.example.com/v2/analytics/reports/00O5g00000ABC123,200,492.97,005oQP42Bw2i8t9kPl
2026-05-15T12:12:04.000+0000,GET,https://api.stripe.com/v1/charges,204,2392.51,005gOv67Poec7yPHxr
2026-05-15T12:12:06.000+0000,GET,https://api.example.com/v2/analytics/reports?format=json&includeCharts=true,200,504.54,0052R0Nu40Vdfhf8Wx
2026-05-15T12:13:38.000+0000,PATCH,https://api.example.com/v1/cases,204,1760.73,005Hj5yiFz57vjm3Nc
2026-05-15T12:20:47.000+0000,PATCH,https://api.stripe.com/v1/customers/cus_ABC123XYZ,200,2578.26,00596fxuSqjbopWRfe
2026-05-15T12:32:32.000+0000,GET,https://api.example.com/v1/products?category=Hardware&active=true&limit=50,200,2752.81,0052R0Nu40Vdfhf8Wx
2026-05-15T12:33:12.000+0000,GET,https://api.example.com/v1/opportunities,200,176.28,0055h37F1zMBsJ7D0j
2026-05-15T12:42:07.000+0000,GET,https://api.example.com/v1/contacts?accountId=0015g00000DEF456&includeDetails=true&page=2,200,1047.0,005vCVTe9TzXV0p77O
2026-05-15T12:42:29.000+0000,POST,https://api.example.com/v1/opportunities/0065g00000XYZ789,200,443.98,005Hj5yiFz57vjm3Nc
2026-05-15T12:43:17.000+0000,POST,https://api.sendgrid.com/v3/mail/send,503,5980.66,005RTflsXcnpSh5usn
2026-05-15T12:45:50.000+0000,POST,https://api.example.com/v1/opportunities,200,290.5,005WCidKwFy7oV6gG4
2026-05-15T12:46:43.000+0000,GET,https://api.example.com/v1/contacts?accountId=0015g00000ABC123&includeDetails=true,200,2593.75,005Nkmxn1x4BUVeDYb
2026-05-15T13:07:13.000+0000,GET,https://api.example.com/v1/products?category=Hardware&active=true&limit=50,200,54.46,0055h37F1zMBsJ7D0j
2026-05-15T13:08:41.000+0000,GET,https://api.stripe.com/v1/charges,200,2756.9,005vv0p3OISwzB0K7O
2026-05-15T13:09:24.000+0000,GET,https://api.example.com/v2/analytics/reports?format=json&includeCharts=true,429,313.99,005Nkmxn1x4BUVeDYb
2026-05-15T13:13:27.000+0000,GET,https://api.stripe.com/v1/charges,500,15920.11,005enZmlCZH22AqBp9
2026-05-15T13:14:11.000+0000,GET,https://api.example.com/v1/cases/5005g00000LMN012,400,140.69,005jrXrm7gORxxNbqo
2026-05-15T13:19:21.000+0000,GET,https://api.example.com/v1/opportunities/0065g00000XYZ789,201,913.85,005Ynmcy3aKWRusKd7
2026-05-15T13:20:04.000+0000,GET,https://api.example.com/v1/contacts?accountId=0015g00000ABC123&includeDetails=true,502,15559.43,005Hj5yiFz57vjm3Nc
2026-05-15T13:23:39.000+0000,POST,https://api.example.com/v1/accounts,200,1955.84,0057Nwy9FZj5gdDxak
2026-05-15T13:25:03.000+0000,GET,https://api.example.com/v1/opportunities,200,2307.27,005RTflsXcnpSh5usn
2026-05-15T13:28:52.000+0000,POST,https://api.stripe.com/v1/charges,429,146.5,005enZmlCZH22AqBp9
2026-05-15T13:30:45.000+0000,GET,https://api.example.com/v2/analytics/reports?format=json&includeCharts=true,429,51.17,00596fxuSqjbopWRfe
2026-05-15T13:35:19.000+0000,GET,https://api.example.com/v1/products?category=Hardware&active=true&limit=50,200,1202.91,005kF1oE7O8QveX6vK
2026-05-15T13:46:08.000+0000,POST,https://api.example.com/v1/accounts,200,2471.26,005oQP42Bw2i8t9kPl
2026-05-15T13:50:53.000+0000,GET,https://api.example.com/v2/analytics/reports/00O5g00000ABC123,200,2663.27,0059ZjeX4gjnKN1Hhw
2026-05-15T13:56:00.000+0000,POST,https://api.example.com/v1/cases/5005g00000LMN012,200,1267.56,005YSkPYKH92eTDI71
2026-05-15T13:56:24.000+0000,GET,https://api.example.com/v1/cases/5005g00000LMN012,403,372.16,005sv0pc1vcFLoaN0b
2026-05-15T13:58:18.000+0000,GET,https://api.example.com/v2/analytics/reports?format=json&includeCharts=true,301,207.88,005WCidKwFy7oV6gG4
2026-05-15T14:05:04.000+0000,GET,https://api.example.com/v1/products?category=Software&active=true,403,240.28,0052R0Nu40Vdfhf8Wx
2026-05-15T14:07:50.000+0000,POST,https://api.sendgrid.com/v3/mail/send,200,557.27,005Ynmcy3aKWRusKd7
2026-05-15T14:08:43.000+0000,POST,https://api.example.com/v1/cases/5005g00000LMN012,200,887.97,005vCVTe9TzXV0p77O
2026-05-15T14:19:18.000+0000,POST,https://api.example.com/v1/accounts,201,762.98,005oQP42Bw2i8t9kPl
2026-05-15T14:27:34.000+0000,GET,https://api.example.com/v1/contacts?accountId=0015g00000DEF456&includeDetails=true&page=2,200,845.73,00596fxuSqjbopWRfe
2026-05-15T14:28:14.000+0000,GET,https://api.example.com/v1/cases,204,1997.12,005Hj5yiFz57vjm3Nc
2026-05-15T14:30:22.000+0000,GET,https://api.example.com/v1/accounts/0015g00000ABC123,301,1136.95,005Nkmxn1x4BUVeDYb
2026-05-15T14:32:41.000+0000,GET,https://api.example.com/v2/analytics/reports/00O5g00000ABC123,200,1604.28,005qsbB14vUYfD0aWn
2026-05-15T14:35:04.000+0000,GET,https://api.example.com/v1/products?category=Hardware&active=true&limit=50,200,1377.89,005gOv67Poec7yPHxr
2026-05-15T14:36:17.000+0000,POST,https://api.example.com/v1/cases/5005g00000LMN012,400,200.55,005qsbB14vUYfD0aWn
2026-05-15T14:44:58.000+0000,GET,https://api.example.com/v1/products?category=Software&active=true,200,982.25,005CCc4BsUeiqUfUfb
2026-05-15T14:45:19.000+0000,POST,https://api.example.com/v1/accounts/0015g00000ABC123,200,140.0,005kF1oE7O8QveX6vK
2026-05-15T14:46:14.000+0000,PATCH,https://api.example.com/v1/opportunities,201,877.97,005enZmlCZH22AqBp9
2026-05-15T14:48:12.000+0000,POST,https://api.example.com/v1/opportunities/0065g00000XYZ789,204,834.5,005VG0hbbiO2zEeMWN
2026-05-15T14:50:00.000+0000,GET,https://api.example.com/v1/cases/5005g00000LMN012,200,537.69,0055h37F1zMBsJ7D0j
2026-05-15T14:57:49.000+0000,POST,https://api.example.com/v1/cases/5005g00000LMN012,200,2500.19,0055h37F1zMBsJ7D0j
2026-05-15T15:03:51.000+0000,GET,https://api.example.com/v1/accounts/0015g00000ABC123,404,268.49,005RTflsXcnpSh5usn
2026-05-15T15:03:56.000+0000,PATCH,https://api.example.com/v1/opportunities,200,1111.19,005vCVTe9TzXV0p77O
2026-05-15T15:08:55.000+0000,GET,https://api.example.com/v1/contacts?accountId=0015g00000DEF456&includeDetails=true&page=2,500,12047.3,00596fxuSqjbopWRfe
2026-05-15T15:09:06.000+0000,GET,https://api.example.com/v1/contacts?accountId=0015g00000ABC123&includeDetails=true,200,1614.6,0052R0Nu40Vdfhf8Wx
2026-05-15T15:10:23.000+0000,GET,https://api.example.com/v2/analytics/reports/00O5g00000ABC123,201,1819.92,005enZmlCZH22AqBp9
2026-05-15T15:21:40.000+0000,GET,https://api.example.com/v2/analytics/reports?format=json&includeCharts=true,200,132.4,005oQP42Bw2i8t9kPl
2026-05-15T15:25:54.000+0000,GET,https://api.example.com/v1/products?category=Software&active=true,200,2515.81,005Hj5yiFz57vjm3Nc
2026-05-15T15:28:39.000+0000,POST,https://api.stripe.com/v1/charges,200,1531.48,0057Nwy9FZj5gdDxak
2026-05-15T15:28:46.000+0000,GET,https://api.example.com/v1/opportunities/0065g00000XYZ789,200,1485.6,0053LgWjcgBi0E8F1j
2026-05-15T15:37:52.000+0000,GET,https://api.example.com/v1/cases/5005g00000LMN012,200,2921.81,0059ZjeX4gjnKN1Hhw
2026-05-15T15:42:17.000+0000,PATCH,https://api.example.com/v1/opportunities,400,347.17,005Hj5yiFz57vjm3Nc
2026-05-15T15:42:26.000+0000,PATCH,https://api.stripe.com/v1/customers/cus_ABC123XYZ,200,2574.1,005dlwLliEa1vL7Ear
2026-05-15T15:45:14.000+0000,POST,https://api.example.com/v1/cases,200,2635.08,0055h37F1zMBsJ7D0j
2026-05-15T15:46:28.000+0000,PATCH,https://api.example.com/v1/cases/5005g00000LMN012,400,57.51,005vv0p3OISwzB0K7O
2026-05-15T15:47:10.000+0000,POST,https://api.example.com/v1/accounts,200,511.98,005Nkmxn1x4BUVeDYb
2026-05-15T15:47:36.000+0000,PATCH,https://api.example.com/v1/cases,201,2809.76,005sv0pc1vcFLoaN0b
2026-05-15T15:49:28.000+0000,GET,https://api.example.com/v1/products?category=Hardware&active=true&limit=50,201,1422.11,005Ynmcy3aKWRusKd7
2026-05-15T15:51:43.000+0000,GET,https://api.stripe.com/v1/customers/cus_ABC123XYZ,304,1813.7,005YSkPYKH92eTDI71
2026-05-15T15:52:15.000+0000,GET,https://api.example.com/v1/products?category=Software&active=true,201,370.7,005jrXrm7gORxxNbqo
2026-05-15T16:05:59.000+0000,GET,https://api.example.com/v1/accounts/0015g00000ABC123,200,52.53,005Nkmxn1x4BUVeDYb
2026-05-15T16:07:25.000+0000,GET,https://api.example.com/v2/analytics/reports/00O5g00000ABC123,204,1106.67,005YSkPYKH92eTDI71
2026-05-15T16:14:08.000+0000,POST,https://api.example.com/v1/cases,301,2867.65,005RTflsXcnpSh5usn
2026-05-15T16:21:10.000+0000,POST,https://api.example.com/v1/opportunities,201,925.36,005RTflsXcnpSh5usn
2026-05-15T16:22:46.000+0000,POST,https://api.example.com/v1/cases,200,1528.93,005CCc4BsUeiqUfUfb
2026-05-15T16:24:47.000+0000,GET,https://api.example.com/v2/analytics/reports?format=json&includeCharts=true,200,352.35,005enZmlCZH22AqBp9
2026-05-15T16:26:24.000+0000,GET,https://api.stripe.com/v1/customers/cus_ABC123XYZ,200,1842.69,005jrXrm7gORxxNbqo
2026-05-15T16:26:57.000+0000,GET,https://api.example.com/v1/accounts/0015g00000ABC123,200,1349.53,0055h37F1zMBsJ7D0j
2026-05-15T16:31:53.000+0000,GET,https://api.example.com/v1/products?category=Hardware&active=true&limit=50,200,1207.06,005CCc4BsUeiqUfUfb
2026-05-15T16:35:06.000+0000,GET,https://api.example.com/v1/accounts/0015g00000ABC123,304,539.59,005YSkPYKH92eTDI71
2026-05-15T16:41:33.000+0000,GET,https://api.example.com/v1/products?category=Software&active=true,400,444.19,005VG0hbbiO2zEeMWN
2026-05-15T16:42:15.000+0000,PATCH,https://api.example.com/v1/opportunities/0065g00000XYZ789,404,404.77,005RTflsXcnpSh5usn
2026-05-15T16:53:25.000+0000,GET,https://api.example.com/v1/contacts?accountId=0015g00000ABC123&includeDetails=true,201,230.85,005Ynmcy3aKWRusKd7
2026-05-15T17:00:02.000+0000,POST,https://api.sendgrid.com/v3/mail/send,204,2542.4,005RTflsXcnpSh5usn
2026-05-15T17:03:44.000+0000,GET,https://api.example.com/v2/analytics/reports?format=json&includeCharts=true,200,1415.82,0053LgWjcgBi0E8F1j
2026-05-15T17:10:36.000+0000,POST,https://api.example.com/v1/cases/5005g00000LMN012,200,1025.14,005WCidKwFy7oV6gG4
2026-05-15T17:18:01.000+0000,GET,https://api.example.com/v1/contacts?accountId=0015g00000DEF456&includeDetails=true&page=2,200,658.8,005dlwLliEa1vL7Ear
2026-05-15T17:20:49.000+0000,GET,https://api.example.com/v1/accounts,201,1867.45,005gOv67Poec7yPHxr
2026-05-15T17:32:23.000+0000,GET,https://api.example.com/v2/analytics/reports/00O5g00000ABC123,200,1896.85,005vv0p3OISwzB0K7O
2026-05-15T17:33:01.000+0000,GET,https://api.example.com/v1/contacts?accountId=0015g00000ABC123&includeDetails=true,200,1127.42,005Nkmxn1x4BUVeDYb
2026-05-15T17:36:47.000+0000,GET,https://api.example.com/v1/contacts?accountId=0015g00000ABC123&includeDetails=true,200,1063.11,0053LgWjcgBi0E8F1j
2026-05-15T17:39:02.000+0000,PATCH,https://api.example.com/v1/opportunities/0065g00000XYZ789,201,2462.48,005YSkPYKH92eTDI71
2026-05-15T17:48:22.000+0000,GET,https://api.example.com/v1/contacts?accountId=0015g00000ABC123&includeDetails=true,200,966.76,005kF1oE7O8QveX6vK
2026-05-15T17:50:25.000+0000,GET,https://api.example.com/v1/cases/5005g00000LMN012,201,1445.68,0055h37F1zMBsJ7D0j
2026-05-15T17:54:35.000+0000,POST,https://api.sendgrid.com/v3/mail/send,404,139.04,005vv0p3OISwzB0K7O
2026-05-15T17:55:41.000+0000,GET,https://api.example.com/v1/accounts/0015g00000ABC123,200,490.93,005RTflsXcnpSh5usn
2026-05-15T17:57:38.000+0000,GET,https://api.example.com/v1/contacts?accountId=0015g00000DEF456&includeDetails=true&page=2,400,142.13,005xP5oa2wEPwyaZJD
2026-05-15T17:58:37.000+0000,GET,https://api.example.com/v2/analytics/reports?format=json&includeCharts=true,204,100.11,0057Nwy9FZj5gdDxak
2026-05-15T18:00:51.000+0000,GET,https://api.example.com/v2/analytics/reports/00O5g00000ABC123,429,283.39,0055h37F1zMBsJ7D0j
2026-05-15T18:15:17.000+0000,GET,https://api.example.com/v2/analytics/reports/00O5g00000ABC123,204,2340.44,005Hj5yiFz57vjm3Nc
2026-05-15T18:26:43.000+0000,POST,https://api.example.com/v1/opportunities,201,2898.99,005Ynmcy3aKWRusKd7
2026-05-15T18:28:33.000+0000,PATCH,https://api.example.com/v1/cases/5005g00000LMN012,401,397.9,005gOv67Poec7yPHxr
2026-05-15T18:32:58.000+0000,GET,https://api.example.com/v2/analytics/reports?format=json&includeCharts=true,401,450.67,0052R0Nu40Vdfhf8Wx
2026-05-15T18:37:28.000+0000,GET,https://api.example.com/v2/analytics/reports/00O5g00000ABC123,200,2993.6,005dlwLliEa1vL7Ear
2026-05-15T18:40:33.000+0000,GET,https://api.example.com/v2/analytics/reports?format=json&includeCharts=true,200,2824.63,005WCidKwFy7oV6gG4
2026-05-15T18:40:47.000+0000,POST,https://api.example.com/v1/cases,200,77.01,0059ZjeX4gjnKN1Hhw
2026-05-15T18:43:36.000+0000,POST,https://api.example.com/v1/opportunities,200,408.4,005kF1oE7O8QveX6vK
2026-05-15T18:50:45.000+0000,GET,https://api.example.com/v1/products?category=Hardware&active=true&limit=50,200,77.86,005gOv67Poec7yPHxr
2026-05-15T18:52:28.000+0000,POST,https://api.example.com/v1/accounts,401,449.4,005xP5oa2wEPwyaZJD
2026-05-15T18:54:19.000+0000,PATCH,https://api.example.com/v1/cases,429,116.68,005qsbB14vUYfD0aWn
2026-05-15T18:56:02.000+0000,GET,https://api.stripe.com/v1/customers/cus_ABC123XYZ,403,182.86,005kF1oE7O8QveX6vK
2026-05-15T18:57:11.000+0000,POST,https://api.example.com/v1/accounts/0015g00000ABC123,200,2770.09,005qsbB14vUYfD0aWn
2026-05-15T19:00:07.000+0000,GET,https://api.example.com/v1/accounts,200,1413.88,005RTflsXcnpSh5usn
2026-05-15T19:04:37.000+0000,POST,https://api.example.com/v1/cases,200,1687.28,005dlwLliEa1vL7Ear
2026-05-15T19:15:25.000+0000,GET,https://api.example.com/v1/contacts?accountId=0015g00000DEF456&includeDetails=true&page=2,201,2040.88,005YSkPYKH92eTDI71
2026-05-15T19:25:44.000+0000,GET,https://api.example.com/v1/contacts?accountId=0015g00000ABC123&includeDetails=true,200,2860.26,005gOv67Poec7yPHxr
2026-05-15T19:27:39.000+0000,PATCH,https://api.example.com/v1/opportunities/0065g00000XYZ789,200,558.31,005RTflsXcnpSh5usn
2026-05-15T19:33:49.000+0000,POST,https://api.sendgrid.com/v3/mail/send,200,1307.41,005Ynmcy3aKWRusKd7
2026-05-15T19:34:21.000+0000,GET,https://api.example.com/v2/analytics/reports/00O5g00000ABC123,401,212.05,00596fxuSqjbopWRfe
2026-05-15T19:41:50.000+0000,GET,https://api.example.com/v1/contacts?accountId=0015g00000ABC123&includeDetails=true,200,385.23,0052R0Nu40Vdfhf8Wx
2026-05-15T19:46:39.000+0000,GET,https://api.example.com/v2/analytics/reports?format=json&includeCharts=true,200,2270.93,005jrXrm7gORxxNbqo
2026-05-15T19:47:09.000+0000,GET,https://api.example.com/v2/analytics/reports/00O5g00000ABC123,200,956.42,005vv0p3OISwzB0K7O
2026-05-15T19:50:15.000+0000,PATCH,https://api.example.com/v1/cases,200,931.51,005dlwLliEa1vL7Ear
2026-05-15T19:56:24.000+0000,PATCH,https://api.example.com/v1/opportunities,200,2058.32,00596fxuSqjbopWRfe
2026-05-15T20:00:12.000+0000,PATCH,https://api.stripe.com/v1/customers/cus_ABC123XYZ,200,1379.91,005gOv67Poec7yPHxr
2026-05-15T20:01:26.000+0000,GET,https://api.example.com/v1/accounts/0015g00000ABC123,200,2625.1,005Nkmxn1x4BUVeDYb
2026-05-15T20:01:40.000+0000,GET,https://api.stripe.com/v1/charges,200,1900.97,005vv0p3OISwzB0K7O
2026-05-15T20:01:50.000+0000,POST,https://api.example.com/v1/accounts,200,893.69,005qsbB14vUYfD0aWn
2026-05-15T20:10:33.000+0000,GET,https://api.example.com/v2/analytics/reports/00O5g00000ABC123,200,2626.31,005kF1oE7O8QveX6vK
2026-05-15T20:11:51.000+0000,GET,https://api.example.com/v1/opportunities,301,460.79,005VG0hbbiO2zEeMWN
2026-05-15T20:17:50.000+0000,GET,https://api.example.com/v1/contacts?accountId=0015g00000DEF456&includeDetails=true&page=2,500,15152.15,005Nkmxn1x4BUVeDYb
2026-05-15T20:23:22.000+0000,GET,https://api.example.com/v1/contacts?accountId=0015g00000ABC123&includeDetails=true,404,122.37,0052R0Nu40Vdfhf8Wx
2026-05-15T20:23:32.000+0000,GET,https://api.stripe.com/v1/customers/cus_ABC123XYZ,201,2799.44,005enZmlCZH22AqBp9
2026-05-15T20:24:36.000+0000,POST,https://api.example.com/v1/opportunities,200,767.48,0052R0Nu40Vdfhf8Wx
2026-05-15T20:24:42.000+0000,GET,https://api.example.com/v1/products?category=Hardware&active=true&limit=50,200,2618.54,0059ZjeX4gjnKN1Hhw
2026-05-15T20:28:15.000+0000,GET,https://api.stripe.com/v1/customers/cus_ABC123XYZ,200,2505.27,005CCc4BsUeiqUfUfb
2026-05-15T20:33:57.000+0000,POST,https://api.stripe.com/v1/charges,401,396.87,0059ZjeX4gjnKN1Hhw
2026-05-15T20:34:34.000+0000,GET,https://api.example.com/v1/cases,200,2684.06,005YSkPYKH92eTDI71
2026-05-15T20:44:11.000+0000,GET,https://api.example.com/v1/contacts?accountId=0015g00000DEF456&includeDetails=true&page=2,304,72.53,005oQP42Bw2i8t9kPl
2026-05-15T20:46:28.000+0000,POST,https://api.example.com/v1/cases/5005g00000LMN012,404,308.46,0055h37F1zMBsJ7D0j
2026-05-15T20:57:12.000+0000,POST,https://api.example.com/v1/accounts,200,1078.98,005xP5oa2wEPwyaZJD
2026-05-15T21:07:21.000+0000,POST,https://api.example.com/v1/accounts/0015g00000ABC123,200,1516.06,005Hj5yiFz57vjm3Nc
2026-05-15T21:08:47.000+0000,GET,https://api.example.com/v1/products?category=Software&active=true,200,686.2,005qsbB14vUYfD0aWn
2026-05-15T21:09:40.000+0000,GET,https://api.example.com/v1/products?category=Software&active=true,200,997.15,005Hj5yiFz57vjm3Nc
2026-05-15T21:16:44.000+0000,POST,https://api.stripe.com/v1/charges,200,2770.01,005Hj5yiFz57vjm3Nc
2026-05-15T21:18:18.000+0000,POST,https://api.example.com/v1/accounts,200,2936.66,005kF1oE7O8QveX6vK
2026-05-15T21:27:22.000+0000,POST,https://api.sendgrid.com/v3/mail/send,404,469.51,005CCc4BsUeiqUfUfb
2026-05-15T21:29:23.000+0000,PATCH,https://api.example.com/v1/opportunities/0065g00000XYZ789,200,523.56,005oQP42Bw2i8t9kPl
2026-05-15T21:33:37.000+0000,PATCH,https://api.example.com/v1/opportunities/0065g00000XYZ789,301,2431.08,005YSkPYKH92eTDI71
2026-05-15T21:36:34.000+0000,GET,https://api.example.com/v1/contacts?accountId=0015g00000DEF456&includeDetails=true&page=2,400,111.34,005gOv67Poec7yPHxr
2026-05-15T21:48:22.000+0000,GET,https://api.stripe.com/v1/customers/cus_ABC123XYZ,200,1420.5,005kF1oE7O8QveX6vK
2026-05-15T21:48:27.000+0000,POST,https://api.stripe.com/v1/charges,200,2568.69,0053LgWjcgBi0E8F1j
2026-05-15T21:48:27.000+0000,PATCH,https://api.example.com/v1/cases/5005g00000LMN012,404,294.75,005vCVTe9TzXV0p77O
2026-05-15T21:51:12.000+0000,GET,https://api.example.com/v1/accounts/0015g00000ABC123,200,2145.67,005jrXrm7gORxxNbqo
2026-05-15T21:52:04.000+0000,PATCH,https://api.example.com/v1/opportunities/0065g00000XYZ789,200,797.73,0055h37F1zMBsJ7D0j
2026-05-15T22:09:35.000+0000,GET,https://api.example.com/v2/analytics/reports?format=json&includeCharts=true,200,930.97,005jrXrm7gORxxNbqo
2026-05-15T22:17:40.000+0000,POST,https://api.example.com/v1/opportunities,200,1906.93,005xP5oa2wEPwyaZJD
2026-05-15T22:23:20.000+0000,GET,https://api.example.com/v2/analytics/reports?format=json&includeCharts=true,403,50.29,005vCVTe9TzXV0p77O
2026-05-15T22:26:12.000+0000,GET,https://api.example.com/v1/accounts/0015g00000ABC123,200,823.92,005oQP42Bw2i8t9kPl
2026-05-15T22:29:10.000+0000,GET,https://api.example.com/v1/products?category=Software&active=true,401,57.8,0052R0Nu40Vdfhf8Wx
2026-05-15T22:30:11.000+0000,PATCH,https://api.stripe.com/v1/customers/cus_ABC123XYZ,200,176.52,005Hj5yiFz57vjm3Nc
2026-05-15T22:30:15.000+0000,POST,https://api.example.com/v1/opportunities/0065g00000XYZ789,200,2682.47,005gOv67Poec7yPHxr
2026-05-15T22:31:24.000+0000,GET,https://api.example.com/v1/contacts?accountId=0015g00000DEF456&includeDetails=true&page=2,401,492.48,005dlwLliEa1vL7Ear
2026-05-15T22:33:13.000+0000,GET,https://api.example.com/v1/contacts?accountId=0015g00000DEF456&includeDetails=true&page=2,200,2172.82,0057Nwy9FZj5gdDxak
2026-05-15T22:36:49.000+0000,GET,https://api.example.com/v1/accounts,200,1204.51,005YSkPYKH92eTDI71
2026-05-15T22:40:02.000+0000,GET,https://api.example.com/v2/analytics/reports?format=json&includeCharts=true,200,1095.54,0059ZjeX4gjnKN1Hhw
2026-05-15T22:44:17.000+0000,GET,https://api.example.com/v1/contacts?accountId=0015g00000DEF456&includeDetails=true&page=2,200,1035.82,005vv0p3OISwzB0K7O
2026-05-15T22:44:55.000+0000,GET,https://api.example.com/v1/cases/5005g00000LMN012,200,1534.26,005CCc4BsUeiqUfUfb
2026-05-15T22:45:08.000+0000,POST,https://api.example.com/v1/opportunities,404,232.99,005Nkmxn1x4BUVeDYb
2026-05-15T22:48:49.000+0000,POST,https://api.sendgrid.com/v3/mail/send,204,1048.4,005Hj5yiFz57vjm3Nc
2026-05-15T22:55:09.000+0000,POST,https://api.stripe.com/v1/charges,200,1098.85,005enZmlCZH22AqBp9
2026-05-15T22:55:41.000+0000,GET,https://api.example.com/v1/cases,200,968.97,005enZmlCZH22AqBp9
2026-05-15T23:04:18.000+0000,GET,https://api.example.com/v1/opportunities,201,2584.79,0055h37F1zMBsJ7D0j
2026-05-15T23:04:28.000+0000,GET,https://api.example.com/v1/cases/5005g00000LMN012,200,612.55,0053LgWjcgBi0E8F1j
2026-05-15T23:05:55.000+0000,PATCH,https://api.example.com/v1/opportunities/0065g00000XYZ789,400,493.35,005RTflsXcnpSh5usn
2026-05-15T23:08:53.000+0000,PATCH,https://api.stripe.com/v1/customers/cus_ABC123XYZ,403,89.22,0052R0Nu40Vdfhf8Wx
2026-05-15T23:11:00.000+0000,GET,https://api.example.com/v1/accounts/0015g00000ABC123,200,1408.28,005Ynmcy3aKWRusKd7
2026-05-15T23:19:40.000+0000,PATCH,https://api.example.com/v1/cases,200,722.5,005gOv67Poec7yPHxr
2026-05-15T23:20:54.000+0000,GET,https://api.example.com/v1/products?category=Hardware&active=true&limit=50,500,23210.47,0055h37F1zMBsJ7D0j
2026-05-15T23:20:58.000+0000,GET,https://api.example.com/v1/products?category=Hardware&active=true&limit=50,304,487.99,005vv0p3OISwzB0K7O
2026-05-15T23:21:12.000+0000,GET,https://api.example.com/v1/products?category=Software&active=true,200,647.24,005Ynmcy3aKWRusKd7
2026-05-15T23:21:32.000+0000,GET,https://api.stripe.com/v1/charges,429,208.92,005sv0pc1vcFLoaN0b
2026-05-15T23:22:20.000+0000,GET,https://api.example.com/v1/products?category=Hardware&active=true&limit=50,204,691.79,005vCVTe9TzXV0p77O
2026-05-15T23:24:15.000+0000,GET,https://api.example.com/v2/analytics/reports?format=json&includeCharts=true,200,2932.1,005dlwLliEa1vL7Ear
2026-05-15T23:25:33.000+0000,POST,https://api.example.com/v1/opportunities/0065g00000XYZ789,200,2401.57,005YSkPYKH92eTDI71
2026-05-15T23:46:51.000+0000,POST,https://api.example.com/v1/opportunities,201,1297.51,00596fxuSqjbopWRfe
2026-05-15T23:48:50.000+0000,GET,https://api.example.com/v1/contacts?accountId=0015g00000DEF456&includeDetails=true&page=2,200,2191.38,005oQP42Bw2i8t9kPl
2026-05-15T23:53:29.000+0000,POST,https://api.example.com/v1/accounts/0015g00000ABC123,200,2219.59,005gOv67Poec7yPHxr
2026-05-16T00:03:53.000+0000,GET,https://api.example.com/v1/cases,400,158.77,005oQP42Bw2i8t9kPl
2026-05-16T00:09:25.000+0000,GET,https://api.example.com/v1/contacts?accountId=0015g00000DEF456&includeDetails=true&page=2,200,2526.19,005oQP42Bw2i8t9kPl
2026-05-16T00:14:29.000+0000,POST,https://api.example.com/v1/accounts/0015g00000ABC123,200,1913.23,005oQP42Bw2i8t9kPl
2026-05-16T00:16:57.000+0000,GET,https://api.example.com/v1/cases,200,2433.03,005Ynmcy3aKWRusKd7
2026-05-16T00:17:49.000+0000,PATCH,https://api.example.com/v1/cases/5005g00000LMN012,200,1072.95,0055h37F1zMBsJ7D0j
2026-05-16T00:20:55.000+0000,PATCH,https://api.example.com/v1/cases/5005g00000LMN012,200,2683.11,005enZmlCZH22AqBp9
2026-05-16T00:24:51.000+0000,GET,https://api.example.com/v2/analytics/reports?format=json&includeCharts=true,401,449.65,00596fxuSqjbopWRfe
2026-05-16T00:26:42.000+0000,GET,https://api.example.com/v1/contacts?accountId=0015g00000ABC123&includeDetails=true,200,275.99,005xP5oa2wEPwyaZJD
2026-05-16T00:30:46.000+0000,PATCH,https://api.example.com/v1/cases,201,674.73,005xP5oa2wEPwyaZJD
2026-05-16T00:33:50.000+0000,GET,https://api.example.com/v1/contacts?accountId=0015g00000DEF456&includeDetails=true&page=2,200,2657.77,0052R0Nu40Vdfhf8Wx
2026-05-16T00:34:41.000+0000,GET,https://api.example.com/v1/products?category=Hardware&active=true&limit=50,200,206.61,005CCc4BsUeiqUfUfb
2026-05-16T00:37:32.000+0000,POST,https://api.example.com/v1/cases/5005g00000LMN012,201,2710.03,0057Nwy9FZj5gdDxak
2026-05-16T00:40:36.000+0000,GET,https://api.stripe.com/v1/customers/cus_ABC123XYZ,200,1783.83,005dlwLliEa1vL7Ear
2026-05-16T00:41:39.000+0000,GET,https://api.stripe.com/v1/customers/cus_ABC123XYZ,204,2852.24,0052R0Nu40Vdfhf8Wx
2026-05-16T00:49:46.000+0000,GET,https://api.example.com/v1/products?category=Software&active=true,301,1656.59,0059ZjeX4gjnKN1Hhw
2026-05-16T00:51:51.000+0000,GET,https://api.example.com/v1/contacts?accountId=0015g00000DEF456&includeDetails=true&page=2,200,476.85,0052R0Nu40Vdfhf8Wx
2026-05-16T00:55:02.000+0000,GET,https://api.example.com/v1/contacts?accountId=0015g00000ABC123&includeDetails=true,200,2555.69,005vCVTe9TzXV0p77O
2026-05-16T01:02:42.000+0000,POST,https://api.example.com/v1/opportunities,304,1825.91,0055h37F1zMBsJ7D0j
2026-05-16T01:08:34.000+0000,POST,https://api.example.com/v1/opportunities/0065g00000XYZ789,204,1329.8,005vCVTe9TzXV0p77O
2026-05-16T01:09:22.000+0000,GET,https://api.example.com/v1/contacts?accountId=0015g00000ABC123&includeDetails=true,200,722.73,005CCc4BsUeiqUfUfb
2026-05-16T01:09:34.000+0000,PATCH,https://api.stripe.com/v1/customers/cus_ABC123XYZ,200,1534.71,005YSkPYKH92eTDI71
2026-05-16T01:11:14.000+0000,PATCH,https://api.example.com/v1/opportunities/0065g00000XYZ789,200,2773.34,005Hj5yiFz57vjm3Nc
2026-05-16T01:12:53.000+0000,GET,https://api.example.com/v1/contacts?accountId=0015g00000DEF456&includeDetails=true&page=2,200,2281.57,0055h37F1zMBsJ7D0j
2026-05-16T01:24:51.000+0000,POST,https://api.sendgrid.com/v3/mail/send,404,448.03,005WCidKwFy7oV6gG4
2026-05-16T01:28:24.000+0000,GET,https://api.example.com/v1/accounts,403,217.91,005Ynmcy3aKWRusKd7
2026-05-16T01:31:05.000+0000,GET,https://api.example.com/v1/products?category=Software&active=true,201,324.51,005Nkmxn1x4BUVeDYb
2026-05-16T01:32:27.000+0000,GET,https://api.example.com/v2/analytics/reports?format=json&includeCharts=true,200,2165.99,005qsbB14vUYfD0aWn
2026-05-16T01:33:25.000+0000,GET,https://api.example.com/v2/analytics/reports/00O5g00000ABC123,201,1647.51,005enZmlCZH22AqBp9
2026-05-16T01:39:39.000+0000,GET,https://api.example.com/v2/analytics/reports?format=json&includeCharts=true,403,166.68,005VG0hbbiO2zEeMWN
2026-05-16T01:40:25.000+0000,GET,https://api.example.com/v1/opportunities/0065g00000XYZ789,400,85.36,005Hj5yiFz57vjm3Nc
2026-05-16T01:47:12.000+0000,POST,https://api.example.com/v1/accounts,200,1081.99,0059ZjeX4gjnKN1Hhw
2026-05-16T01:50:23.000+0000,GET,https://api.example.com/v1/contacts?accountId=0015g00000DEF456&includeDetails=true&page=2,200,424.55,005kF1oE7O8QveX6vK
2026-05-16T01:50:59.000+0000,GET,https://api.stripe.com/v1/charges,200,484.35,005gOv67Poec7yPHxr
2026-05-16T02:00:57.000+0000,GET,https://api.example.com/v2/analytics/reports/00O5g00000ABC123,200,363.11,005RTflsXcnpSh5usn
2026-05-16T02:04:54.000+0000,GET,https://api.example.com/v2/analytics/reports?format=json&includeCharts=true,403,113.81,005Hj5yiFz57vjm3Nc
2026-05-16T02:05:08.000+0000,GET,https://api.example.com/v1/contacts?accountId=0015g00000ABC123&includeDetails=true,404,171.04,005sv0pc1vcFLoaN0b
2026-05-16T02:05:14.000+0000,GET,https://api.example.com/v2/analytics/reports?format=json&includeCharts=true,404,125.93,0059ZjeX4gjnKN1Hhw
2026-05-16T02:07:01.000+0000,PATCH,https://api.example.com/v1/opportunities,401,193.09,0053LgWjcgBi0E8F1j
2026-05-16T02:13:49.000+0000,POST,https://api.sendgrid.com/v3/mail/send,200,175.38,0052R0Nu40Vdfhf8Wx
2026-05-16T02:17:06.000+0000,GET,https://api.example.com/v2/analytics/reports/00O5g00000ABC123,200,2927.55,005oQP42Bw2i8t9kPl
2026-05-16T02:20:05.000+0000,PATCH,https://api.example.com/v1/opportunities,200,800.43,00596fxuSqjbopWRfe
2026-05-16T02:21:50.000+0000,PATCH,https://api.example.com/v1/opportunities,200,685.13,0059ZjeX4gjnKN1Hhw
2026-05-16T02:24:17.000+0000,GET,https://api.stripe.com/v1/charges,200,1191.37,005dlwLliEa1vL7Ear
2026-05-16T02:26:26.000+0000,GET,https://api.example.com/v2/analytics/reports/00O5g00000ABC123,200,1337.16,005WCidKwFy7oV6gG4
2026-05-16T02:27:06.000+0000,GET,https://api.example.com/v1/contacts?accountId=0015g00000DEF456&includeDetails=true&page=2,200,642.5,005oQP42Bw2i8t9kPl
2026-05-16T02:28:09.000+0000,PATCH,https://api.stripe.com/v1/customers/cus_ABC123XYZ,401,328.57,005oQP42Bw2i8t9kPl
2026-05-16T02:29:02.000+0000,GET,https://api.example.com/v1/accounts,204,2661.07,005CCc4BsUeiqUfUfb
2026-05-16T02:29:35.000+0000,GET,https://api.example.com/v1/contacts?accountId=0015g00000DEF456&includeDetails=true&page=2,200,2719.88,005xP5oa2wEPwyaZJD
2026-05-16T02:30:08.000+0000,PATCH,https://api.example.com/v1/opportunities,200,1369.67,0052R0Nu40Vdfhf8Wx
2026-05-16T02:31:03.000+0000,PATCH,https://api.example.com/v1/cases,400,297.73,0052R0Nu40Vdfhf8Wx
2026-05-16T02:32:40.000+0000,POST,https://api.example.com/v1/accounts/0015g00000ABC123,201,706.51,005qsbB14vUYfD0aWn
2026-05-16T02:41:35.000+0000,POST,https://api.sendgrid.com/v3/mail/send,200,1313.82,005qsbB14vUYfD0aWn
2026-05-16T02:43:48.000+0000,GET,https://api.example.com/v1/products?category=Software&active=true,200,878.64,005oQP42Bw2i8t9kPl
2026-05-16T02:47:13.000+0000,POST,https://api.example.com/v1/accounts/0015g00000ABC123,200,1480.21,005dlwLliEa1vL7Ear
2026-05-16T02:48:55.000+0000,GET,https://api.example.com/v1/accounts/0015g00000ABC123,200,2577.73,005qsbB14vUYfD0aWn
2026-05-16T02:50:27.000+0000,PATCH,https://api.example.com/v1/opportunities,429,239.96,005Nkmxn1x4BUVeDYb
2026-05-16T02:54:29.000+0000,POST,https://api.sendgrid.com/v3/mail/send,200,482.54,005gOv67Poec7yPHxr
2026-05-16T02:54:42.000+0000,GET,https://api.example.com/v1/cases/5005g00000LMN012,200,600.27,005WCidKwFy7oV6gG4
2026-05-16T02:56:52.000+0000,PATCH,https://api.example.com/v1/opportunities/0065g00000XYZ789,200,1985.99,005Ynmcy3aKWRusKd7
2026-05-16T02:58:26.000+0000,POST,https://api.example.com/v1/cases,200,716.16,005vv0p3OISwzB0K7O
2026-05-16T02:59:00.000+0000,GET,https://api.example.com/v1/products?category=Software&active=true,200,855.6,005WCidKwFy7oV6gG4
2026-05-16T02:59:57.000+0000,PATCH,https://api.example.com/v1/opportunities/0065g00000XYZ789,200,73.79,0052R0Nu40Vdfhf8Wx
2026-05-16T03:00:25.000+0000,GET,https://api.example.com/v1/accounts/0015g00000ABC123,200,794.65,0057Nwy9FZj5gdDxak
2026-05-16T03:04:33.000+0000,POST,https://api.sendgrid.com/v3/mail/send,201,2272.66,005enZmlCZH22AqBp9
2026-05-16T03:05:42.000+0000,GET,https://api.example.com/v1/contacts?accountId=0015g00000ABC123&includeDetails=true,204,2483.55,0055h37F1zMBsJ7D0j
2026-05-16T03:09:38.000+0000,GET,https://api.example.com/v1/contacts?accountId=0015g00000DEF456&includeDetails=true&page=2,400,268.52,005sv0pc1vcFLoaN0b
2026-05-16T03:21:55.000+0000,GET,https://api.example.com/v1/products?category=Hardware&active=true&limit=50,200,2094.62,005YSkPYKH92eTDI71
2026-05-16T03:26:49.000+0000,GET,https://api.example.com/v1/products?category=Software&active=true,200,2179.02,0059ZjeX4gjnKN1Hhw
2026-05-16T03:28:35.000+0000,POST,https://api.sendgrid.com/v3/mail/send,200,1067.53,005Hj5yiFz57vjm3Nc
2026-05-16T03:35:41.000+0000,GET,https://api.example.com/v1/contacts?accountId=0015g00000ABC123&includeDetails=true,200,2178.14,0053LgWjcgBi0E8F1j
2026-05-16T03:36:00.000+0000,GET,https://api.example.com/v1/products?category=Software&active=true,503,20958.42,005jrXrm7gORxxNbqo
2026-05-16T03:37:07.000+0000,POST,https://api.stripe.com/v1/charges,200,1521.05,005Nkmxn1x4BUVeDYb
2026-05-16T03:39:27.000+0000,GET,https://api.example.com/v2/analytics/reports?format=json&includeCharts=true,200,408.36,005Ynmcy3aKWRusKd7
2026-05-16T03:42:58.000+0000,GET,https://api.example.com/v1/products?category=Hardware&active=true&limit=50,200,659.72,0059ZjeX4gjnKN1Hhw
2026-05-16T03:44:09.000+0000,GET,https://api.example.com/v1/contacts?accountId=0015g00000ABC123&includeDetails=true,200,2928.84,005Nkmxn1x4BUVeDYb
2026-05-16T03:49:07.000+0000,GET,https://api.example.com/v1/contacts?accountId=0015g00000ABC123&includeDetails=true,204,1805.41,005Nkmxn1x4BUVeDYb
2026-05-16T03:54:43.000+0000,GET,https://api.example.com/v1/accounts/0015g00000ABC123,429,121.24,005jrXrm7gORxxNbqo
2026-05-16T03:55:11.000+0000,POST,https://api.example.com/v1/cases,404,432.57,005kF1oE7O8QveX6vK
2026-05-16T03:55:48.000+0000,POST,https://api.stripe.com/v1/charges,200,1198.67,0057Nwy9FZj5gdDxak
2026-05-16T03:56:06.000+0000,GET,https://api.example.com/v1/accounts/0015g00000ABC123,201,201.91,005vCVTe9TzXV0p77O
2026-05-16T04:04:00.000+0000,GET,https://api.example.com/v2/analytics/reports?format=json&includeCharts=true,200,2772.73,005xP5oa2wEPwyaZJD
2026-05-16T04:05:12.000+0000,GET,https://api.example.com/v2/analytics/reports?format=json&includeCharts=true,404,107.27,005WCidKwFy7oV6gG4
2026-05-16T04:08:08.000+0000,GET,https://api.example.com/v1/cases,200,600.95,005gOv67Poec7yPHxr
2026-05-16T04:11:35.000+0000,GET,https://api.stripe.com/v1/charges,201,866.53,005Hj5yiFz57vjm3Nc
2026-05-16T04:19:05.000+0000,POST,https://api.sendgrid.com/v3/mail/send,503,5483.34,005Ynmcy3aKWRusKd7
2026-05-16T04:29:41.000+0000,PATCH,https://api.example.com/v1/opportunities/0065g00000XYZ789,502,23143.22,005gOv67Poec7yPHxr
2026-05-16T04:33:28.000+0000,GET,https://api.example.com/v2/analytics/reports?format=json&includeCharts=true,200,1672.41,005CCc4BsUeiqUfUfb
2026-05-16T04:39:38.000+0000,GET,https://api.example.com/v1/contacts?accountId=0015g00000DEF456&includeDetails=true&page=2,200,2474.91,005enZmlCZH22AqBp9
2026-05-16T04:52:16.000+0000,GET,https://api.stripe.com/v1/charges,404,499.31,00596fxuSqjbopWRfe
2026-05-16T04:52:38.000+0000,GET,https://api.example.com/v1/products?category=Software&active=true,200,2763.81,005gOv67Poec7yPHxr
2026-05-16T04:53:26.000+0000,GET,https://api.example.com/v1/cases,403,117.37,005YSkPYKH92eTDI71
2026-05-16T04:54:14.000+0000,GET,https://api.stripe.com/v1/customers/cus_ABC123XYZ,200,1119.36,005gOv67Poec7yPHxr
2026-05-16T05:00:06.000+0000,PATCH,https://api.example.com/v1/opportunities/0065g00000XYZ789,200,289.04,005Hj5yiFz57vjm3Nc
2026-05-16T05:05:05.000+0000,GET,https://api.example.com/v1/accounts,200,2874.55,005sv0pc1vcFLoaN0b
2026-05-16T05:08:26.000+0000,POST,https://api.sendgrid.com/v3/mail/send,404,309.46,005VG0hbbiO2zEeMWN
2026-05-16T05:09:16.000+0000,GET,https://api.example.com/v1/cases,200,2587.64,005vv0p3OISwzB0K7O
2026-05-16T05:11:45.000+0000,GET,https://api.example.com/v1/products?category=Software&active=true,403,411.84,005xP5oa2wEPwyaZJD
2026-05-16T05:13:11.000+0000,GET,https://api.example.com/v2/analytics/reports?format=json&includeCharts=true,200,1966.46,005kF1oE7O8QveX6vK
2026-05-16T05:27:23.000+0000,GET,https://api.example.com/v1/contacts?accountId=0015g00000ABC123&includeDetails=true,200,1092.14,0057Nwy9FZj5gdDxak
2026-05-16T05:38:41.000+0000,GET,https://api.example.com/v1/products?category=Software&active=true,400,221.84,005YSkPYKH92eTDI71
2026-05-16T05:40:05.000+0000,GET,https://api.example.com/v1/products?category=Hardware&active=true&limit=50,200,2627.09,0053LgWjcgBi0E8F1j
2026-05-16T05:42:54.000+0000,POST,https://api.sendgrid.com/v3/mail/send,200,412.24,005VG0hbbiO2zEeMWN
2026-05-16T05:44:27.000+0000,GET,https://api.example.com/v1/cases/5005g00000LMN012,201,1584.27,005xP5oa2wEPwyaZJD
2026-05-16T05:46:01.000+0000,GET,https://api.example.com/v1/cases,200,1211.76,005kF1oE7O8QveX6vK
2026-05-16T05:51:58.000+0000,PATCH,https://api.example.com/v1/cases,200,1155.54,005kF1oE7O8QveX6vK
2026-05-16T05:54:38.000+0000,GET,https://api.example.com/v1/products?category=Hardware&active=true&limit=50,200,2621.53,005dlwLliEa1vL7Ear
2026-05-16T05:56:52.000+0000,GET,https://api.example.com/v1/products?category=Hardware&active=true&limit=50,401,357.58,005vv0p3OISwzB0K7O
2026-05-16T06:07:15.000+0000,PATCH,https://api.example.com/v1/opportunities,304,985.81,00596fxuSqjbopWRfe
2026-05-16T06:11:19.000+0000,GET,https://api.example.com/v2/analytics/reports?format=json&includeCharts=true,201,212.98,005vCVTe9TzXV0p77O
2026-05-16T06:20:53.000+0000,PATCH,https://api.example.com/v1/opportunities,200,235.33,005RTflsXcnpSh5usn
2026-05-16T06:21:57.000+0000,GET,https://api.example.com/v1/cases/5005g00000LMN012,403,109.79,005gOv67Poec7yPHxr
2026-05-16T06:25:42.000+0000,GET,https://api.example.com/v1/products?category=Hardware&active=true&limit=50,200,2483.03,0057Nwy9FZj5gdDxak
2026-05-16T06:27:36.000+0000,GET,https://api.example.com/v1/contacts?accountId=0015g00000ABC123&includeDetails=true,201,283.4,0057Nwy9FZj5gdDxak
2026-05-16T06:27:43.000+0000,GET,https://api.example.com/v2/analytics/reports?format=json&includeCharts=true,400,358.67,005gOv67Poec7yPHxr
2026-05-16T06:27:59.000+0000,POST,https://api.example.com/v1/cases/5005g00000LMN012,201,468.98,005Nkmxn1x4BUVeDYb
2026-05-16T06:32:24.000+0000,POST,https://api.sendgrid.com/v3/mail/send,201,994.57,005sv0pc1vcFLoaN0b
2026-05-16T06:34:02.000+0000,POST,https://api.example.com/v1/accounts,200,640.35,00596fxuSqjbopWRfe
2026-05-16T06:35:38.000+0000,PATCH,https://api.example.com/v1/opportunities,200,2177.44,005RTflsXcnpSh5usn
2026-05-16T06:37:31.000+0000,POST,https://api.sendgrid.com/v3/mail/send,200,2403.22,005Ynmcy3aKWRusKd7
2026-05-16T06:37:53.000+0000,PATCH,https://api.example.com/v1/cases/5005g00000LMN012,200,1683.19,005jrXrm7gORxxNbqo
2026-05-16T06:38:07.000+0000,POST,https://api.example.com/v1/cases/5005g00000LMN012,200,709.97,005kF1oE7O8QveX6vK
2026-05-16T06:38:31.000+0000,GET,https://api.example.com/v1/cases,304,378.23,005RTflsXcnpSh5usn
2026-05-16T06:39:10.000+0000,GET,https://api.example.com/v1/opportunities,200,618.33,005dlwLliEa1vL7Ear
2026-05-16T06:42:48.000+0000,PATCH,https://api.stripe.com/v1/customers/cus_ABC123XYZ,200,1744.95,005dlwLliEa1vL7Ear
2026-05-16T06:45:46.000+0000,PATCH,https://api.example.com/v1/opportunities/0065g00000XYZ789,304,874.6,0057Nwy9FZj5gdDxak
2026-05-16T06:49:41.000+0000,GET,https://api.example.com/v1/products?category=Software&active=true,400,102.65,00596fxuSqjbopWRfe
2026-05-16T06:52:50.000+0000,POST,https://api.example.com/v1/cases/5005g00000LMN012,201,222.83,005Nkmxn1x4BUVeDYb
2026-05-16T06:54:50.000+0000,GET,https://api.example.com/v1/products?category=Software&active=true,204,51.46,005oQP42Bw2i8t9kPl
2026-05-16T06:55:08.000+0000,GET,https://api.example.com/v2/analytics/reports/00O5g00000ABC123,200,2749.79,005oQP42Bw2i8t9kPl
2026-05-16T06:55:40.000+0000,POST,https://api.sendgrid.com/v3/mail/send,200,120.05,005enZmlCZH22AqBp9
2026-05-16T07:00:15.000+0000,GET,https://api.example.com/v1/contacts?accountId=0015g00000DEF456&includeDetails=true&page=2,201,2916.01,005VG0hbbiO2zEeMWN
2026-05-16T07:00:24.000+0000,PATCH,https://api.example.com/v1/opportunities/0065g00000XYZ789,200,1701.33,0055h37F1zMBsJ7D0j
2026-05-16T07:00:25.000+0000,GET,https://api.example.com/v1/products?category=Software&active=true,200,860.37,005Ynmcy3aKWRusKd7
2026-05-16T07:11:36.000+0000,POST,https://api.example.com/v1/accounts,400,352.6,005jrXrm7gORxxNbqo
2026-05-16T07:11:44.000+0000,POST,https://api.example.com/v1/opportunities/0065g00000XYZ789,200,1478.47,005jrXrm7gORxxNbqo
2026-05-16T07:19:45.000+0000,POST,https://api.example.com/v1/accounts/0015g00000ABC123,403,191.56,005CCc4BsUeiqUfUfb
2026-05-16T07:37:49.000+0000,GET,https://api.example.com/v2/analytics/reports/00O5g00000ABC123,200,2894.43,005Ynmcy3aKWRusKd7
2026-05-16T07:39:08.000+0000,GET,https://api.example.com/v2/analytics/reports?format=json&includeCharts=true,201,2948.96,005gOv67Poec7yPHxr
2026-05-16T07:42:44.000+0000,GET,https://api.example.com/v1/cases/5005g00000LMN012,200,441.95,005sv0pc1vcFLoaN0b
2026-05-16T07:52:10.000+0000,GET,https://api.example.com/v1/products?category=Software&active=true,403,273.31,005CCc4BsUeiqUfUfb
2026-05-16T07:55:58.000+0000,PATCH,https://api.example.com/v1/cases/5005g00000LMN012,304,728.11,005vv0p3OISwzB0K7O
2026-05-16T08:00:07.000+0000,GET,https://api.example.com/v2/analytics/reports?format=json&includeCharts=true,429,192.26,005vCVTe9TzXV0p77O
2026-05-16T08:01:44.000+0000,GET,https://api.example.com/v2/analytics/reports?format=json&includeCharts=true,200,1156.31,005dlwLliEa1vL7Ear
2026-05-16T08:04:31.000+0000,GET,https://api.example.com/v1/contacts?accountId=0015g00000DEF456&includeDetails=true&page=2,200,2167.95,0052R0Nu40Vdfhf8Wx
2026-05-16T08:05:23.000+0000,GET,https://api.example.com/v1/accounts/0015g00000ABC123,200,1766.32,005jrXrm7gORxxNbqo
2026-05-16T08:09:20.000+0000,GET,https://api.example.com/v1/products?category=Hardware&active=true&limit=50,204,541.07,005RTflsXcnpSh5usn
2026-05-16T08:15:40.000+0000,PATCH,https://api.example.com/v1/opportunities,201,2806.79,005oQP42Bw2i8t9kPl
2026-05-16T08:17:02.000+0000,GET,https://api.stripe.com/v1/charges,200,745.51,00596fxuSqjbopWRfe
2026-05-16T08:17:46.000+0000,POST,https://api.example.com/v1/opportunities,200,1851.79,005RTflsXcnpSh5usn
2026-05-16T08:21:05.000+0000,PATCH,https://api.stripe.com/v1/customers/cus_ABC123XYZ,401,283.29,005vCVTe9TzXV0p77O
2026-05-16T08:22:13.000+0000,PATCH,https://api.example.com/v1/cases,200,1053.94,005oQP42Bw2i8t9kPl
2026-05-16T08:27:20.000+0000,PATCH,https://api.example.com/v1/cases/5005g00000LMN012,201,172.28,005YSkPYKH92eTDI71
2026-05-16T08:27:50.000+0000,PATCH,https://api.example.com/v1/cases/5005g00000LMN012,200,2626.64,005Hj5yiFz57vjm3Nc
2026-05-16T08:30:00.000+0000,GET,https://api.example.com/v1/cases,400,328.35,005vCVTe9TzXV0p77O
2026-05-16T08:32:33.000+0000,GET,https://api.example.com/v1/contacts?accountId=0015g00000ABC123&includeDetails=true,404,86.69,005qsbB14vUYfD0aWn
2026-05-16T08:36:52.000+0000,POST,https://api.example.com/v1/opportunities,429,436.57,005vv0p3OISwzB0K7O
2026-05-16T08:46:32.000+0000,GET,https://api.example.com/v1/contacts?accountId=0015g00000DEF456&includeDetails=true&page=2,200,2371.49,005WCidKwFy7oV6gG4
2026-05-16T08:48:13.000+0000,GET,https://api.example.com/v1/products?category=Hardware&active=true&limit=50,200,2510.65,005Nkmxn1x4BUVeDYb
2026-05-16T08:50:21.000+0000,GET,https://api.example.com/v1/products?category=Software&active=true,200,2972.0,005WCidKwFy7oV6gG4
2026-05-16T08:51:04.000+0000,POST,https://api.example.com/v1/accounts/0015g00000ABC123,200,746.78,005enZmlCZH22AqBp9
2026-05-16T08:52:55.000+0000,GET,https://api.example.com/v2/analytics/reports/00O5g00000ABC123,200,1927.88,005jrXrm7gORxxNbqo
2026-05-16T08:53:32.000+0000,GET,https://api.example.com/v1/cases/5005g00000LMN012,200,2771.59,005Nkmxn1x4BUVeDYb
2026-05-16T09:08:32.000+0000,GET,https://api.example.com/v2/analytics/reports?format=json&includeCharts=true,200,585.46,005sv0pc1vcFLoaN0b
2026-05-16T09:08:50.000+0000,POST,https://api.example.com/v1/accounts/0015g00000ABC123,200,2370.9,0055h37F1zMBsJ7D0j
2026-05-16T09:11:46.000+0000,GET,https://api.example.com/v2/analytics/reports?format=json&includeCharts=true,200,593.45,005xP5oa2wEPwyaZJD
2026-05-16T09:13:13.000+0000,GET,https://api.example.com/v1/products?category=Software&active=true,200,2121.38,005gOv67Poec7yPHxr
2026-05-16T09:15:00.000+0000,POST,https://api.example.com/v1/accounts/0015g00000ABC123,200,2367.81,0052R0Nu40Vdfhf8Wx
2026-05-16T09:16:58.000+0000,GET,https://api.example.com/v1/accounts/0015g00000ABC123,429,312.05,00596fxuSqjbopWRfe
2026-05-16T09:22:07.000+0000,POST,https://api.stripe.com/v1/charges,400,206.23,0053LgWjcgBi0E8F1j
2026-05-16T09:24:36.000+0000,GET,https://api.example.com/v1/products?category=Software&active=true,201,1755.97,005gOv67Poec7yPHxr
2026-05-16T09:27:36.000+0000,GET,https://api.stripe.com/v1/charges,200,2154.29,0052R0Nu40Vdfhf8Wx
2026-05-16T09:28:12.000+0000,GET,https://api.example.com/v1/products?category=Hardware&active=true&limit=50,200,1184.71,005gOv67Poec7yPHxr
2026-05-16T09:28:38.000+0000,PATCH,https://api.example.com/v1/cases/5005g00000LMN012,200,1476.8,005dlwLliEa1vL7Ear
2026-05-16T09:41:08.000+0000,GET,https://api.example.com/v1/products?category=Software&active=true,200,2956.22,0057Nwy9FZj5gdDxak
2026-05-16T09:46:34.000+0000,GET,https://api.example.com/v1/accounts,200,475.38,005RTflsXcnpSh5usn
2026-05-16T09:54:27.000+0000,GET,https://api.example.com/v1/opportunities,201,1135.87,005oQP42Bw2i8t9kPl
2026-05-16T09:55:47.000+0000,PATCH,https://api.example.com/v1/opportunities,200,646.22,005WCidKwFy7oV6gG4
2026-05-16T09:57:07.000+0000,PATCH,https://api.stripe.com/v1/customers/cus_ABC123XYZ,200,2255.37,00596fxuSqjbopWRfe
2026-05-16T09:58:12.000+0000,POST,https://api.sendgrid.com/v3/mail/send,400,370.3,005oQP42Bw2i8t9kPl
2026-05-16T09:58:39.000+0000,GET,https://api.example.com/v1/contacts?accountId=0015g00000DEF456&includeDetails=true&page=2,200,819.17,005RTflsXcnpSh5usn
2026-05-16T09:59:53.000+0000,GET,https://api.example.com/v1/contacts?accountId=0015g00000DEF456&includeDetails=true&page=2,200,2248.83,005vv0p3OISwzB0K7O
2026-05-16T10:00:34.000+0000,POST,https://api.sendgrid.com/v3/mail/send,200,1432.94,005dlwLliEa1vL7Ear
2026-05-16T10:03:54.000+0000,POST,https://api.example.com/v1/accounts,201,1296.86,005qsbB14vUYfD0aWn
2026-05-16T10:17:40.000+0000,GET,https://api.example.com/v1/products?category=Software&active=true,500,11555.01,005YSkPYKH92eTDI71
2026-05-16T10:23:24.000+0000,POST,https://api.example.com/v1/opportunities/0065g00000XYZ789,200,2685.73,0059ZjeX4gjnKN1Hhw
2026-05-16T10:26:02.000+0000,POST,https://api.example.com/v1/accounts,304,1086.77,005qsbB14vUYfD0aWn
2026-05-16T10:26:26.000+0000,GET,https://api.example.com/v2/analytics/reports/00O5g00000ABC123,200,2215.35,005Hj5yiFz57vjm3Nc
2026-05-16T10:28:22.000+0000,POST,https://api.example.com/v1/cases,200,306.8,0059ZjeX4gjnKN1Hhw
2026-05-16T10:33:50.000+0000,PATCH,https://api.example.com/v1/opportunities/0065g00000XYZ789,200,208.65,005xP5oa2wEPwyaZJD
2026-05-16T10:37:04.000+0000,GET,https://api.example.com/v1/accounts/0015g00000ABC123,200,990.44,005sv0pc1vcFLoaN0b
2026-05-16T10:39:35.000+0000,GET,https://api.example.com/v2/analytics/reports/00O5g00000ABC123,200,1652.98,0052R0Nu40Vdfhf8Wx
2026-05-16T10:41:25.000+0000,POST,https://api.example.com/v1/cases/5005g00000LMN012,200,296.03,005qsbB14vUYfD0aWn
2026-05-16T10:46:38.000+0000,GET,https://api.example.com/v1/products?category=Software&active=true,200,2789.32,005sv0pc1vcFLoaN0b
2026-05-16T10:50:33.000+0000,GET,https://api.example.com/v1/products?category=Hardware&active=true&limit=50,200,350.78,0052R0Nu40Vdfhf8Wx
2026-05-16T10:53:43.000+0000,POST,https://api.stripe.com/v1/charges,200,1188.6,00596fxuSqjbopWRfe
2026-05-16T10:58:17.000+0000,POST,https://api.stripe.com/v1/charges,200,2193.21,0053LgWjcgBi0E8F1j
2026-05-16T11:00:20.000+0000,GET,https://api.example.com/v1/accounts/0015g00000ABC123,201,1077.71,0052R0Nu40Vdfhf8Wx
2026-05-16T11:04:06.000+0000,PATCH,https://api.stripe.com/v1/customers/cus_ABC123XYZ,403,66.26,005vv0p3OISwzB0K7O
2026-05-16T11:08:41.000+0000,POST,https://api.example.com/v1/accounts,204,2722.41,005oQP42Bw2i8t9kPl
2026-05-16T11:10:02.000+0000,GET,https://api.example.com/v1/products?category=Hardware&active=true&limit=50,200,1116.56,005oQP42Bw2i8t9kPl
2026-05-16T11:16:01.000+0000,GET,https://api.example.com/v2/analytics/reports?format=json&includeCharts=true,200,862.75,005sv0pc1vcFLoaN0b
2026-05-16T11:23:01.000+0000,GET,https://api.example.com/v2/analytics/reports/00O5g00000ABC123,200,84.56,005dlwLliEa1vL7Ear
2026-05-16T11:25:46.000+0000,GET,https://api.example.com/v1/contacts?accountId=0015g00000ABC123&includeDetails=true,201,652.97,005qsbB14vUYfD0aWn
2026-05-16T11:26:32.000+0000,POST,https://api.example.com/v1/cases/5005g00000LMN012,200,1782.23,005RTflsXcnpSh5usn
2026-05-16T11:28:49.000+0000,PATCH,https://api.stripe.com/v1/customers/cus_ABC123XYZ,200,1673.1,0059ZjeX4gjnKN1Hhw
2026-05-16T11:31:28.000+0000,GET,https://api.example.com/v1/accounts/0015g00000ABC123,200,2738.06,0053LgWjcgBi0E8F1j
2026-05-16T11:32:23.000+0000,GET,https://api.example.com/v1/opportunities,200,2428.94,005Ynmcy3aKWRusKd7
2026-05-16T11:33:35.000+0000,GET,https://api.example.com/v1/contacts?accountId=0015g00000ABC123&includeDetails=true,200,2099.33,005jrXrm7gORxxNbqo
2026-05-16T11:33:44.000+0000,POST,https://api.example.com/v1/accounts,200,1224.49,005CCc4BsUeiqUfUfb
2026-05-16T11:42:05.000+0000,PATCH,https://api.stripe.com/v1/customers/cus_ABC123XYZ,400,360.69,0052R0Nu40Vdfhf8Wx
2026-05-16T11:43:13.000+0000,GET,https://api.example.com/v1/contacts?accountId=0015g00000DEF456&includeDetails=true&page=2,200,1248.92,005vv0p3OISwzB0K7O
2026-05-16T11:45:43.000+0000,GET,https://api.stripe.com/v1/charges,200,1848.41,005Hj5yiFz57vjm3Nc
2026-05-16T11:51:05.000+0000,GET,https://api.example.com/v1/accounts/0015g00000ABC123,200,2445.93,005Ynmcy3aKWRusKd7
2026-05-16T11:51:38.000+0000,GET,https://api.example.com/v1/products?category=Hardware&active=true&limit=50,429,414.35,005oQP42Bw2i8t9kPl
2026-05-16T11:58:38.000+0000,GET,https://api.example.com/v1/cases,400,409.92,005Ynmcy3aKWRusKd7
2026-05-16T11:58:55.000+0000,GET,https://api.example.com/v1/contacts?accountId=0015g00000ABC123&includeDetails=true,500,20810.56,005xP5oa2wEPwyaZJD
2026-05-16T12:00:01.000+0000,GET,https://api.example.com/v2/analytics/reports/00O5g00000ABC123,301,2642.04,005RTflsXcnpSh5usn
2026-05-16T12:00:39.000+0000,GET,https://api.example.com/v1/opportunities/0065g00000XYZ789,200,1237.43,005enZmlCZH22AqBp9
2026-05-16T12:09:08.000+0000,PATCH,https://api.stripe.com/v1/customers/cus_ABC123XYZ,200,933.99,005jrXrm7gORxxNbqo
2026-05-16T12:09:18.000+0000,GET,https://api.stripe.com/v1/customers/cus_ABC123XYZ,200,2931.45,005CCc4BsUeiqUfUfb
2026-05-16T12:21:12.000+0000,POST,https://api.example.com/v1/opportunities,400,273.11,0052R0Nu40Vdfhf8Wx
2026-05-16T12:25:10.000+0000,GET,https://api.example.com/v1/cases,200,1442.6,0055h37F1zMBsJ7D0j
2026-05-16T12:38:13.000+0000,GET,https://api.example.com/v1/products?category=Software&active=true,200,1890.35,005gOv67Poec7yPHxr
2026-05-16T12:39:24.000+0000,POST,https://api.example.com/v1/accounts/0015g00000ABC123,404,287.19,005WCidKwFy7oV6gG4
2026-05-16T12:48:21.000+0000,GET,https://api.example.com/v1/contacts?accountId=0015g00000ABC123&includeDetails=true,200,536.59,0053LgWjcgBi0E8F1j
2026-05-16T12:49:07.000+0000,GET,https://api.example.com/v2/analytics/reports?format=json&includeCharts=true,401,381.82,005oQP42Bw2i8t9kPl
2026-05-16T12:53:29.000+0000,GET,https://api.example.com/v1/opportunities,200,1520.86,005jrXrm7gORxxNbqo
2026-05-16T12:57:12.000+0000,POST,https://api.example.com/v1/accounts/0015g00000ABC123,200,1226.46,005vv0p3OISwzB0K7O
2026-05-16T12:58:34.000+0000,GET,https://api.example.com/v2/analytics/reports?format=json&includeCharts=true,400,483.06,005YSkPYKH92eTDI71
2026-05-16T13:03:32.000+0000,GET,https://api.example.com/v1/products?category=Hardware&active=true&limit=50,201,2494.66,005YSkPYKH92eTDI71
2026-05-16T13:05:21.000+0000,GET,https://api.example.com/v1/contacts?accountId=0015g00000ABC123&includeDetails=true,401,234.63,005jrXrm7gORxxNbqo
2026-05-16T13:07:42.000+0000,GET,https://api.example.com/v2/analytics/reports/00O5g00000ABC123,304,721.77,005sv0pc1vcFLoaN0b
2026-05-16T13:15:57.000+0000,GET,https://api.example.com/v1/opportunities,200,50.53,005sv0pc1vcFLoaN0b
2026-05-16T13:21:15.000+0000,GET,https://api.stripe.com/v1/customers/cus_ABC123XYZ,304,2117.12,005dlwLliEa1vL7Ear
2026-05-16T13:23:56.000+0000,GET,https://api.example.com/v1/products?category=Software&active=true,401,407.76,005RTflsXcnpSh5usn
2026-05-16T13:31:09.000+0000,GET,https://api.example.com/v2/analytics/reports/00O5g00000ABC123,400,108.72,0052R0Nu40Vdfhf8Wx
2026-05-16T13:35:27.000+0000,POST,https://api.example.com/v1/cases,403,302.75,005Nkmxn1x4BUVeDYb
2026-05-16T13:41:34.000+0000,GET,https://api.example.com/v1/contacts?accountId=0015g00000DEF456&includeDetails=true&page=2,200,754.8,005enZmlCZH22AqBp9
2026-05-16T13:41:36.000+0000,POST,https://api.example.com/v1/accounts/0015g00000ABC123,200,326.15,005enZmlCZH22AqBp9
2026-05-16T13:46:19.000+0000,GET,https://api.example.com/v1/products?category=Hardware&active=true&limit=50,200,761.21,005Ynmcy3aKWRusKd7
2026-05-16T13:52:33.000+0000,POST,https://api.example.com/v1/accounts,301,269.58,005VG0hbbiO2zEeMWN
2026-05-16T13:52:54.000+0000,POST,https://api.example.com/v1/cases,429,317.85,005CCc4BsUeiqUfUfb
2026-05-16T14:06:36.000+0000,POST,https://api.example.com/v1/accounts,200,2216.14,0055h37F1zMBsJ7D0j
2026-05-16T14:08:12.000+0000,POST,https://api.example.com/v1/cases,201,917.29,005YSkPYKH92eTDI71
2026-05-16T14:10:16.000+0000,PATCH,https://api.example.com/v1/cases/5005g00000LMN012,200,1325.29,005xP5oa2wEPwyaZJD
2026-05-16T14:12:15.000+0000,GET,https://api.example.com/v1/accounts,200,753.17,0053LgWjcgBi0E8F1j
2026-05-16T14:13:02.000+0000,GET,https://api.example.com/v1/products?category=Software&active=true,200,1134.99,005YSkPYKH92eTDI71
2026-05-16T14:15:22.000+0000,POST,https://api.sendgrid.com/v3/mail/send,502,7998.54,0059ZjeX4gjnKN1Hhw
2026-05-16T14:21:52.000+0000,GET,https://api.stripe.com/v1/customers/cus_ABC123XYZ,200,2724.06,00596fxuSqjbopWRfe
2026-05-16T14:25:18.000+0000,PATCH,https://api.example.com/v1/opportunities/0065g00000XYZ789,200,916.41,005RTflsXcnpSh5usn
2026-05-16T14:26:26.000+0000,PATCH,https://api.example.com/v1/cases/5005g00000LMN012,304,1455.26,005dlwLliEa1vL7Ear
2026-05-16T14:28:01.000+0000,GET,https://api.example.com/v2/analytics/reports?format=json&includeCharts=true,502,29041.09,005WCidKwFy7oV6gG4
2026-05-16T14:28:02.000+0000,GET,https://api.example.com/v1/products?category=Hardware&active=true&limit=50,201,742.79,005vCVTe9TzXV0p77O
2026-05-16T14:28:22.000+0000,GET,https://api.example.com/v1/products?category=Hardware&active=true&limit=50,200,1667.92,005Hj5yiFz57vjm3Nc
2026-05-16T14:29:12.000+0000,GET,https://api.example.com/v1/contacts?accountId=0015g00000ABC123&includeDetails=true,204,2751.72,005WCidKwFy7oV6gG4
2026-05-16T14:29:23.000+0000,PATCH,https://api.stripe.com/v1/customers/cus_ABC123XYZ,200,1937.42,005Ynmcy3aKWRusKd7
2026-05-16T14:30:00.000+0000,PATCH,https://api.example.com/v1/opportunities/0065g00000XYZ789,401,161.01,005dlwLliEa1vL7Ear
2026-05-16T14:33:09.000+0000,GET,https://api.example.com/v1/contacts?accountId=0015g00000DEF456&includeDetails=true&page=2,200,1117.9,005vCVTe9TzXV0p77O
2026-05-16T14:34:19.000+0000,GET,https://api.stripe.com/v1/charges,200,614.73,005jrXrm7gORxxNbqo
2026-05-16T14:40:34.000+0000,GET,https://api.example.com/v1/products?category=Hardware&active=true&limit=50,200,1992.2,005sv0pc1vcFLoaN0b
2026-05-16T14:49:41.000+0000,GET,https://api.example.com/v1/products?category=Hardware&active=true&limit=50,200,257.49,005kF1oE7O8QveX6vK
2026-05-16T14:50:26.000+0000,GET,https://api.example.com/v1/products?category=Hardware&active=true&limit=50,200,954.04,005vv0p3OISwzB0K7O
2026-05-16T14:52:32.000+0000,PATCH,https://api.example.com/v1/cases/5005g00000LMN012,200,2574.07,005jrXrm7gORxxNbqo
2026-05-16T14:53:13.000+0000,GET,https://api.example.com/v1/products?category=Hardware&active=true&limit=50,502,20647.49,005jrXrm7gORxxNbqo
2026-05-16T14:57:18.000+0000,GET,https://api.example.com/v2/analytics/reports/00O5g00000ABC123,401,68.87,005Nkmxn1x4BUVeDYb
2026-05-16T14:57:50.000+0000,GET,https://api.example.com/v1/cases/5005g00000LMN012,201,396.98,005CCc4BsUeiqUfUfb
2026-05-16T14:58:45.000+0000,GET,https://api.example.com/v1/contacts?accountId=0015g00000DEF456&includeDetails=true&page=2,201,79.48,005jrXrm7gORxxNbqo
2026-05-16T15:00:32.000+0000,GET,https://api.example.com/v2/analytics/reports/00O5g00000ABC123,200,819.1,0055h37F1zMBsJ7D0j
2026-05-16T15:04:27.000+0000,GET,https://api.example.com/v2/analytics/reports/00O5g00000ABC123,200,313.73,005vCVTe9TzXV0p77O
2026-05-16T15:05:36.000+0000,GET,https://api.example.com/v1/contacts?accountId=0015g00000DEF456&includeDetails=true&page=2,429,343.28,005VG0hbbiO2zEeMWN
2026-05-16T15:08:47.000+0000,PATCH,https://api.example.com/v1/cases,304,71.06,005kF1oE7O8QveX6vK
2026-05-16T15:08:48.000+0000,GET,https://api.example.com/v1/products?category=Software&active=true,400,58.66,005vv0p3OISwzB0K7O
2026-05-16T15:08:57.000+0000,GET,https://api.example.com/v1/cases,201,1719.25,005qsbB14vUYfD0aWn
2026-05-16T15:11:39.000+0000,GET,https://api.example.com/v1/opportunities/0065g00000XYZ789,204,560.5,0057Nwy9FZj5gdDxak
2026-05-16T15:17:57.000+0000,GET,https://api.example.com/v1/opportunities,200,1488.88,005Nkmxn1x4BUVeDYb
2026-05-16T15:20:45.000+0000,POST,https://api.example.com/v1/accounts,201,2087.95,005WCidKwFy7oV6gG4
2026-05-16T15:21:27.000+0000,GET,https://api.example.com/v1/opportunities,200,2045.14,005kF1oE7O8QveX6vK
2026-05-16T15:26:19.000+0000,GET,https://api.example.com/v1/contacts?accountId=0015g00000DEF456&includeDetails=true&page=2,200,679.63,0055h37F1zMBsJ7D0j
2026-05-16T15:28:50.000+0000,GET,https://api.example.com/v2/analytics/reports?format=json&includeCharts=true,400,289.05,005RTflsXcnpSh5usn
2026-05-16T15:33:39.000+0000,GET,https://api.example.com/v1/accounts/0015g00000ABC123,200,2237.92,005oQP42Bw2i8t9kPl
2026-05-16T15:34:57.000+0000,GET,https://api.example.com/v1/cases/5005g00000LMN012,304,968.59,005WCidKwFy7oV6gG4
2026-05-16T15:35:55.000+0000,GET,https://api.example.com/v1/accounts/0015g00000ABC123,200,104.26,005vCVTe9TzXV0p77O
2026-05-16T15:41:51.000+0000,GET,https://api.example.com/v1/cases,200,2451.12,005gOv67Poec7yPHxr
2026-05-16T15:43:18.000+0000,POST,https://api.example.com/v1/opportunities/0065g00000XYZ789,201,1113.39,005YSkPYKH92eTDI71
2026-05-16T15:47:16.000+0000,GET,https://api.example.com/v2/analytics/reports?format=json&includeCharts=true,200,126.91,0055h37F1zMBsJ7D0j
2026-05-16T15:53:30.000+0000,GET,https://api.stripe.com/v1/customers/cus_ABC123XYZ,200,1282.79,005sv0pc1vcFLoaN0b
2026-05-16T15:58:28.000+0000,GET,https://api.example.com/v1/contacts?accountId=0015g00000DEF456&includeDetails=true&page=2,204,880.5,005vv0p3OISwzB0K7O
2026-05-16T15:59:11.000+0000,POST,https://api.example.com/v1/accounts/0015g00000ABC123,201,2008.81,005vCVTe9TzXV0p77O
2026-05-16T16:01:54.000+0000,PATCH,https://api.example.com/v1/opportunities/0065g00000XYZ789,200,848.78,005qsbB14vUYfD0aWn
2026-05-16T16:06:05.000+0000,GET,https://api.example.com/v2/analytics/reports/00O5g00000ABC123,200,2970.5,005RTflsXcnpSh5usn
2026-05-16T16:06:44.000+0000,GET,https://api.example.com/v1/accounts,201,2802.14,005kF1oE7O8QveX6vK
2026-05-16T16:13:43.000+0000,POST,https://api.example.com/v1/opportunities/0065g00000XYZ789,204,882.8,0057Nwy9FZj5gdDxak
2026-05-16T16:14:11.000+0000,POST,https://api.sendgrid.com/v3/mail/send,204,2123.44,005sv0pc1vcFLoaN0b
2026-05-16T16:16:42.000+0000,GET,https://api.example.com/v1/products?category=Hardware&active=true&limit=50,304,2147.38,0055h37F1zMBsJ7D0j
2026-05-16T16:18:03.000+0000,POST,https://api.example.com/v1/accounts,200,592.92,005WCidKwFy7oV6gG4
2026-05-16T16:20:19.000+0000,POST,https://api.sendgrid.com/v3/mail/send,400,162.91,005kF1oE7O8QveX6vK
2026-05-16T16:21:21.000+0000,GET,https://api.example.com/v1/contacts?accountId=0015g00000ABC123&includeDetails=true,204,2184.84,005RTflsXcnpSh5usn
2026-05-16T16:22:42.000+0000,GET,https://api.example.com/v1/contacts?accountId=0015g00000DEF456&includeDetails=true&page=2,200,373.04,0053LgWjcgBi0E8F1j
2026-05-16T16:27:28.000+0000,GET,https://api.example.com/v2/analytics/reports/00O5g00000ABC123,429,98.27,005WCidKwFy7oV6gG4
2026-05-16T16:28:17.000+0000,GET,https://api.example.com/v1/cases,200,2849.33,005CCc4BsUeiqUfUfb
2026-05-16T16:28:51.000+0000,POST,https://api.example.com/v1/opportunities,204,1757.1,0057Nwy9FZj5gdDxak
2026-05-16T16:29:40.000+0000,GET,https://api.stripe.com/v1/charges,200,1756.44,005YSkPYKH92eTDI71
2026-05-16T16:30:04.000+0000,GET,https://api.example.com/v1/contacts?accountId=0015g00000DEF456&includeDetails=true&page=2,200,1287.74,005YSkPYKH92eTDI71
2026-05-16T16:31:55.000+0000,POST,https://api.sendgrid.com/v3/mail/send,400,86.24,005jrXrm7gORxxNbqo
2026-05-16T16:33:21.000+0000,GET,https://api.example.com/v1/products?category=Software&active=true,404,153.86,005VG0hbbiO2zEeMWN
2026-05-16T16:35:28.000+0000,GET,https://api.example.com/v1/contacts?accountId=0015g00000DEF456&includeDetails=true&page=2,403,128.52,005kF1oE7O8QveX6vK
2026-05-16T16:40:19.000+0000,POST,https://api.example.com/v1/accounts/0015g00000ABC123,401,126.08,005vCVTe9TzXV0p77O
2026-05-16T16:42:41.000+0000,GET,https://api.stripe.com/v1/customers/cus_ABC123XYZ,200,2573.27,005CCc4BsUeiqUfUfb
2026-05-16T16:47:21.000+0000,GET,https://api.example.com/v1/products?category=Hardware&active=true&limit=50,400,50.61,0053LgWjcgBi0E8F1j
2026-05-16T16:49:25.000+0000,GET,https://api.example.com/v1/opportunities,429,414.95,005VG0hbbiO2zEeMWN
2026-05-16T16:50:22.000+0000,POST,https://api.sendgrid.com/v3/mail/send,200,2875.65,0059ZjeX4gjnKN1Hhw
2026-05-16T16:50:22.000+0000,GET,https://api.example.com/v1/contacts?accountId=0015g00000ABC123&includeDetails=true,200,1143.69,005YSkPYKH92eTDI71
2026-05-16T16:53:01.000+0000,POST,https://api.example.com/v1/opportunities,304,1915.4,00596fxuSqjbopWRfe
2026-05-16T16:54:22.000+0000,GET,https://api.example.com/v1/contacts?accountId=0015g00000DEF456&includeDetails=true&page=2,201,1945.44,0053LgWjcgBi0E8F1j
2026-05-16T16:57:00.000+0000,GET,https://api.stripe.com/v1/customers/cus_ABC123XYZ,200,2258.48,005xP5oa2wEPwyaZJD
2026-05-16T16:58:28.000+0000,GET,https://api.stripe.com/v1/customers/cus_ABC123XYZ,200,1291.02,005Hj5yiFz57vjm3Nc
2026-05-16T17:06:48.000+0000,GET,https://api.example.com/v1/cases,200,574.62,0055h37F1zMBsJ7D0j
2026-05-16T17:07:37.000+0000,POST,https://api.stripe.com/v1/charges,201,2692.56,005CCc4BsUeiqUfUfb
2026-05-16T17:12:41.000+0000,GET,https://api.example.com/v1/opportunities,301,1590.51,0059ZjeX4gjnKN1Hhw
2026-05-16T17:13:09.000+0000,POST,https://api.example.com/v1/opportunities/0065g00000XYZ789,200,2373.47,005enZmlCZH22AqBp9
2026-05-16T17:14:14.000+0000,POST,https://api.example.com/v1/accounts,200,2506.82,00596fxuSqjbopWRfe
2026-05-16T17:15:30.000+0000,POST,https://api.sendgrid.com/v3/mail/send,200,1256.03,005dlwLliEa1vL7Ear
2026-05-16T17:16:19.000+0000,GET,https://api.example.com/v1/opportunities,200,1920.11,005WCidKwFy7oV6gG4
2026-05-16T17:16:28.000+0000,GET,https://api.example.com/v1/products?category=Software&active=true,200,365.17,00596fxuSqjbopWRfe
2026-05-16T17:17:39.000+0000,GET,https://api.stripe.com/v1/charges,200,782.44,005Nkmxn1x4BUVeDYb
2026-05-16T17:18:20.000+0000,GET,https://api.example.com/v2/analytics/reports/00O5g00000ABC123,200,1225.39,0057Nwy9FZj5gdDxak
2026-05-16T17:19:27.000+0000,POST,https://api.example.com/v1/opportunities/0065g00000XYZ789,200,2785.32,005Hj5yiFz57vjm3Nc
2026-05-16T17:23:11.000+0000,GET,https://api.example.com/v2/analytics/reports?format=json&includeCharts=true,200,2885.19,005VG0hbbiO2zEeMWN
2026-05-16T17:24:55.000+0000,GET,https://api.example.com/v2/analytics/reports?format=json&includeCharts=true,200,117.84,005Ynmcy3aKWRusKd7
2026-05-16T17:27:43.000+0000,GET,https://api.example.com/v2/analytics/reports?format=json&includeCharts=true,204,562.31,005RTflsXcnpSh5usn
2026-05-16T17:28:00.000+0000,GET,https://api.stripe.com/v1/customers/cus_ABC123XYZ,200,1857.62,0055h37F1zMBsJ7D0j
2026-05-16T17:31:07.000+0000,POST,https://api.sendgrid.com/v3/mail/send,401,71.24,005enZmlCZH22AqBp9
2026-05-16T17:34:31.000+0000,GET,https://api.example.com/v1/opportunities/0065g00000XYZ789,200,809.22,005jrXrm7gORxxNbqo
2026-05-16T17:35:28.000+0000,GET,https://api.example.com/v1/contacts?accountId=0015g00000DEF456&includeDetails=true&page=2,200,460.79,0059ZjeX4gjnKN1Hhw
2026-05-16T18:06:11.000+0000,POST,https://api.example.com/v1/accounts/0015g00000ABC123,200,1716.79,00596fxuSqjbopWRfe
2026-05-16T18:17:19.000+0000,PATCH,https://api.example.com/v1/opportunities,200,2303.6,005vCVTe9TzXV0p77O
2026-05-16T18:18:06.000+0000,PATCH,https://api.stripe.com/v1/customers/cus_ABC123XYZ,200,1776.32,0057Nwy9FZj5gdDxak
2026-05-16T18:24:58.000+0000,GET,https://api.example.com/v1/accounts/0015g00000ABC123,204,1756.62,0052R0Nu40Vdfhf8Wx
2026-05-16T18:32:57.000+0000,GET,https://api.example.com/v2/analytics/reports/00O5g00000ABC123,200,2980.16,0055h37F1zMBsJ7D0j
2026-05-16T18:44:14.000+0000,POST,https://api.example.com/v1/opportunities,200,2949.69,005dlwLliEa1vL7Ear
2026-05-16T18:48:54.000+0000,POST,https://api.example.com/v1/opportunities/0065g00000XYZ789,400,488.32,005jrXrm7gORxxNbqo
2026-05-16T18:50:58.000+0000,GET,https://api.example.com/v2/analytics/reports/00O5g00000ABC123,429,132.66,005Nkmxn1x4BUVeDYb
2026-05-16T18:57:45.000+0000,PATCH,https://api.stripe.com/v1/customers/cus_ABC123XYZ,304,2725.94,005sv0pc1vcFLoaN0b
2026-05-16T18:59:23.000+0000,POST,https://api.sendgrid.com/v3/mail/send,200,57.22,005xP5oa2wEPwyaZJD
2026-05-16T19:06:58.000+0000,GET,https://api.stripe.com/v1/charges,401,76.34,0053LgWjcgBi0E8F1j
2026-05-16T19:11:57.000+0000,GET,https://api.example.com/v1/accounts/0015g00000ABC123,200,2951.64,0059ZjeX4gjnKN1Hhw
2026-05-16T19:26:23.000+0000,PATCH,https://api.example.com/v1/opportunities/0065g00000XYZ789,200,782.0,005YSkPYKH92eTDI71
2026-05-16T19:31:30.000+0000,POST,https://api.example.com/v1/cases/5005g00000LMN012,200,1453.5,005Nkmxn1x4BUVeDYb
2026-05-16T19:34:12.000+0000,GET,https://api.example.com/v2/analytics/reports/00O5g00000ABC123,200,831.3,0055h37F1zMBsJ7D0j
2026-05-16T19:34:29.000+0000,POST,https://api.sendgrid.com/v3/mail/send,200,826.72,005YSkPYKH92eTDI71
2026-05-16T19:37:30.000+0000,GET,https://api.example.com/v2/analytics/reports?format=json&includeCharts=true,201,2873.46,0059ZjeX4gjnKN1Hhw
2026-05-16T19:38:20.000+0000,POST,https://api.example.com/v1/opportunities/0065g00000XYZ789,200,2343.9,005kF1oE7O8QveX6vK
2026-05-16T19:38:59.000+0000,POST,https://api.sendgrid.com/v3/mail/send,200,2186.03,00596fxuSqjbopWRfe
2026-05-16T19:39:13.000+0000,GET,https://api.example.com/v1/opportunities/0065g00000XYZ789,200,2014.8,005kF1oE7O8QveX6vK
2026-05-16T19:41:07.000+0000,PATCH,https://api.stripe.com/v1/customers/cus_ABC123XYZ,200,1225.91,005vv0p3OISwzB0K7O
2026-05-16T19:43:11.000+0000,GET,https://api.stripe.com/v1/charges,304,1122.85,005xP5oa2wEPwyaZJD
2026-05-16T19:49:03.000+0000,GET,https://api.example.com/v1/products?category=Software&active=true,401,261.23,0052R0Nu40Vdfhf8Wx
2026-05-16T19:49:35.000+0000,GET,https://api.example.com/v2/analytics/reports/00O5g00000ABC123,200,1668.0,005dlwLliEa1vL7Ear
2026-05-16T19:51:15.000+0000,GET,https://api.example.com/v1/cases,201,2135.42,005xP5oa2wEPwyaZJD
2026-05-16T19:52:58.000+0000,POST,https://api.example.com/v1/accounts,201,2600.08,005enZmlCZH22AqBp9
2026-05-16T19:55:15.000+0000,GET,https://api.stripe.com/v1/charges,200,722.33,005vv0p3OISwzB0K7O
2026-05-16T19:55:36.000+0000,GET,https://api.example.com/v1/contacts?accountId=0015g00000ABC123&includeDetails=true,200,2943.6,005dlwLliEa1vL7Ear
2026-05-16T19:58:05.000+0000,POST,https://api.sendgrid.com/v3/mail/send,200,1153.64,005RTflsXcnpSh5usn
2026-05-16T20:08:27.000+0000,POST,https://api.sendgrid.com/v3/mail/send,200,1999.38,005gOv67Poec7yPHxr
2026-05-16T20:10:15.000+0000,GET,https://api.example.com/v1/contacts?accountId=0015g00000ABC123&includeDetails=true,200,444.45,005qsbB14vUYfD0aWn
2026-05-16T20:10:30.000+0000,GET,https://api.example.com/v1/products?category=Hardware&active=true&limit=50,200,1759.92,005enZmlCZH22AqBp9
2026-05-16T20:17:51.000+0000,POST,https://api.example.com/v1/accounts,200,1945.65,005oQP42Bw2i8t9kPl
2026-05-16T20:25:15.000+0000,POST,https://api.example.com/v1/accounts/0015g00000ABC123,400,122.05,0059ZjeX4gjnKN1Hhw
2026-05-16T20:25:49.000+0000,PATCH,https://api.example.com/v1/cases/5005g00000LMN012,200,418.02,005gOv67Poec7yPHxr
2026-05-16T20:26:06.000+0000,POST,https://api.sendgrid.com/v3/mail/send,429,86.45,005qsbB14vUYfD0aWn
2026-05-16T20:26:11.000+0000,POST,https://api.example.com/v1/accounts/0015g00000ABC123,200,231.59,005CCc4BsUeiqUfUfb
2026-05-16T20:29:12.000+0000,POST,https://api.example.com/v1/accounts,200,121.42,005CCc4BsUeiqUfUfb
2026-05-16T20:32:06.000+0000,POST,https://api.stripe.com/v1/charges,200,2416.99,005jrXrm7gORxxNbqo
2026-05-16T20:32:14.000+0000,GET,https://api.example.com/v1/contacts?accountId=0015g00000DEF456&includeDetails=true&page=2,403,363.02,005vv0p3OISwzB0K7O
2026-05-16T20:32:39.000+0000,PATCH,https://api.stripe.com/v1/customers/cus_ABC123XYZ,201,179.73,005WCidKwFy7oV6gG4
2026-05-16T20:46:59.000+0000,GET,https://api.example.com/v1/accounts,201,1535.22,005kF1oE7O8QveX6vK
2026-05-16T20:49:00.000+0000,POST,https://api.example.com/v1/opportunities/0065g00000XYZ789,200,2739.83,005enZmlCZH22AqBp9
2026-05-16T20:56:24.000+0000,GET,https://api.example.com/v2/analytics/reports?format=json&includeCharts=true,200,1535.72,005qsbB14vUYfD0aWn
2026-05-16T21:05:18.000+0000,POST,https://api.example.com/v1/cases,400,68.49,005oQP42Bw2i8t9kPl
2026-05-16T21:12:56.000+0000,GET,https://api.example.com/v1/cases,200,1996.94,005xP5oa2wEPwyaZJD
2026-05-16T21:18:58.000+0000,POST,https://api.example.com/v1/accounts/0015g00000ABC123,200,1453.32,005Hj5yiFz57vjm3Nc
2026-05-16T21:24:21.000+0000,GET,https://api.example.com/v1/cases,200,605.52,0057Nwy9FZj5gdDxak
2026-05-16T21:29:43.000+0000,GET,https://api.example.com/v1/contacts?accountId=0015g00000ABC123&includeDetails=true,200,1168.07,005Ynmcy3aKWRusKd7
2026-05-16T21:37:39.000+0000,PATCH,https://api.example.com/v1/opportunities,200,680.93,005vv0p3OISwzB0K7O
2026-05-16T21:43:31.000+0000,GET,https://api.example.com/v1/products?category=Software&active=true,200,1884.32,0055h37F1zMBsJ7D0j
2026-05-16T21:44:19.000+0000,GET,https://api.example.com/v1/opportunities/0065g00000XYZ789,400,62.76,005vv0p3OISwzB0K7O
2026-05-16T21:45:18.000+0000,GET,https://api.example.com/v1/contacts?accountId=0015g00000DEF456&includeDetails=true&page=2,400,362.65,005sv0pc1vcFLoaN0b
2026-05-16T21:46:03.000+0000,GET,https://api.example.com/v1/cases/5005g00000LMN012,400,424.54,005VG0hbbiO2zEeMWN
2026-05-16T21:50:20.000+0000,GET,https://api.example.com/v2/analytics/reports/00O5g00000ABC123,403,75.05,0055h37F1zMBsJ7D0j
2026-05-16T21:53:45.000+0000,GET,https://api.example.com/v1/opportunities,200,528.47,005oQP42Bw2i8t9kPl
2026-05-16T22:01:14.000+0000,POST,https://api.example.com/v1/cases,204,1465.0,005enZmlCZH22AqBp9
2026-05-16T22:02:26.000+0000,GET,https://api.stripe.com/v1/customers/cus_ABC123XYZ,200,1589.6,005vCVTe9TzXV0p77O
2026-05-16T22:02:47.000+0000,GET,https://api.example.com/v2/analytics/reports?format=json&includeCharts=true,200,2598.74,00596fxuSqjbopWRfe
2026-05-16T22:03:05.000+0000,GET,https://api.example.com/v2/analytics/reports?format=json&includeCharts=true,201,312.43,005Hj5yiFz57vjm3Nc
2026-05-16T22:14:42.000+0000,POST,https://api.example.com/v1/accounts,200,2287.66,005vv0p3OISwzB0K7O
2026-05-16T22:16:00.000+0000,GET,https://api.example.com/v1/opportunities/0065g00000XYZ789,200,1080.06,005Hj5yiFz57vjm3Nc
2026-05-16T22:17:05.000+0000,GET,https://api.example.com/v1/accounts,200,1347.64,0052R0Nu40Vdfhf8Wx
2026-05-16T22:30:12.000+0000,GET,https://api.example.com/v1/opportunities/0065g00000XYZ789,200,2781.48,005WCidKwFy7oV6gG4
2026-05-16T22:40:16.000+0000,GET,https://api.example.com/v1/contacts?accountId=0015g00000ABC123&includeDetails=true,201,463.76,005vv0p3OISwzB0K7O
2026-05-16T22:43:25.000+0000,POST,https://api.example.com/v1/cases,200,544.26,0053LgWjcgBi0E8F1j
2026-05-16T22:44:35.000+0000,GET,https://api.stripe.com/v1/charges,200,627.42,005gOv67Poec7yPHxr
2026-05-16T22:44:59.000+0000,GET,https://api.example.com/v2/analytics/reports/00O5g00000ABC123,200,1227.39,005xP5oa2wEPwyaZJD
2026-05-16T22:53:22.000+0000,POST,https://api.example.com/v1/opportunities,200,2719.73,005dlwLliEa1vL7Ear
2026-05-16T22:54:42.000+0000,GET,https://api.example.com/v1/contacts?accountId=0015g00000ABC123&includeDetails=true,200,1282.29,005enZmlCZH22AqBp9
2026-05-16T22:55:00.000+0000,POST,https://api.sendgrid.com/v3/mail/send,200,336.6,00596fxuSqjbopWRfe
2026-05-16T22:58:15.000+0000,POST,https://api.sendgrid.com/v3/mail/send,404,254.31,005xP5oa2wEPwyaZJD
2026-05-16T22:58:53.000+0000,PATCH,https://api.example.com/v1/opportunities/0065g00000XYZ789,200,234.35,0055h37F1zMBsJ7D0j
2026-05-16T23:04:52.000+0000,GET,https://api.example.com/v1/contacts?accountId=0015g00000ABC123&includeDetails=true,401,239.49,005YSkPYKH92eTDI71
2026-05-16T23:06:58.000+0000,GET,https://api.example.com/v1/contacts?accountId=0015g00000DEF456&includeDetails=true&page=2,404,487.42,0052R0Nu40Vdfhf8Wx
2026-05-16T23:07:26.000+0000,GET,https://api.example.com/v1/products?category=Hardware&active=true&limit=50,200,653.05,005YSkPYKH92eTDI71
2026-05-16T23:08:45.000+0000,GET,https://api.example.com/v1/products?category=Software&active=true,200,2808.4,005Hj5yiFz57vjm3Nc
2026-05-16T23:08:51.000+0000,GET,https://api.example.com/v1/accounts,401,334.18,005vv0p3OISwzB0K7O
2026-05-16T23:12:11.000+0000,GET,https://api.example.com/v1/cases/5005g00000LMN012,404,275.39,005xP5oa2wEPwyaZJD
2026-05-16T23:17:51.000+0000,GET,https://api.stripe.com/v1/customers/cus_ABC123XYZ,404,119.74,005vCVTe9TzXV0p77O
2026-05-16T23:19:37.000+0000,POST,https://api.stripe.com/v1/charges,404,203.12,005qsbB14vUYfD0aWn
2026-05-16T23:25:28.000+0000,GET,https://api.example.com/v1/cases/5005g00000LMN012,200,1923.99,005kF1oE7O8QveX6vK
2026-05-16T23:27:02.000+0000,PATCH,https://api.example.com/v1/opportunities,200,96.01,005dlwLliEa1vL7Ear
2026-05-16T23:29:30.000+0000,POST,https://api.example.com/v1/cases/5005g00000LMN012,201,2301.93,005jrXrm7gORxxNbqo
2026-05-16T23:29:32.000+0000,GET,https://api.example.com/v1/products?category=Software&active=true,200,2563.0,005Ynmcy3aKWRusKd7
2026-05-16T23:35:48.000+0000,GET,https://api.example.com/v1/contacts?accountId=0015g00000ABC123&includeDetails=true,400,494.41,005Nkmxn1x4BUVeDYb
2026-05-16T23:39:39.000+0000,GET,https://api.example.com/v1/products?category=Hardware&active=true&limit=50,200,337.83,005qsbB14vUYfD0aWn
2026-05-16T23:40:52.000+0000,GET,https://api.stripe.com/v1/customers/cus_ABC123XYZ,200,1064.95,005oQP42Bw2i8t9kPl
2026-05-16T23:43:02.000+0000,GET,https://api.example.com/v1/products?category=Software&active=true,200,111.13,005Ynmcy3aKWRusKd7
2026-05-16T23:44:27.000+0000,GET,https://api.example.com/v1/products?category=Hardware&active=true&limit=50,200,720.88,005Ynmcy3aKWRusKd7
2026-05-16T23:45:08.000+0000,PATCH,https://api.example.com/v1/opportunities/0065g00000XYZ789,200,898.68,005gOv67Poec7yPHxr
2026-05-16T23:46:21.000+0000,GET,https://api.stripe.com/v1/charges,400,484.58,005vv0p3OISwzB0K7O
2026-05-17T00:02:17.000+0000,GET,https://api.example.com/v1/opportunities,200,1530.39,005qsbB14vUYfD0aWn
2026-05-17T00:03:38.000+0000,GET,https://api.example.com/v2/analytics/reports/00O5g00000ABC123,200,51.01,005vv0p3OISwzB0K7O
2026-05-17T00:09:36.000+0000,POST,https://api.stripe.com/v1/charges,200,2708.31,005sv0pc1vcFLoaN0b
2026-05-17T00:11:56.000+0000,GET,https://api.example.com/v1/products?category=Hardware&active=true&limit=50,200,2548.44,0059ZjeX4gjnKN1Hhw
2026-05-17T00:23:15.000+0000,POST,https://api.sendgrid.com/v3/mail/send,200,1189.59,005oQP42Bw2i8t9kPl
2026-05-17T00:24:35.000+0000,GET,https://api.example.com/v1/accounts/0015g00000ABC123,400,384.19,005vv0p3OISwzB0K7O
2026-05-17T00:25:29.000+0000,PATCH,https://api.example.com/v1/cases,200,579.65,005RTflsXcnpSh5usn
2026-05-17T00:34:40.000+0000,PATCH,https://api.stripe.com/v1/customers/cus_ABC123XYZ,400,202.31,005enZmlCZH22AqBp9
2026-05-17T00:42:57.000+0000,PATCH,https://api.example.com/v1/opportunities/0065g00000XYZ789,200,2078.31,005gOv67Poec7yPHxr
2026-05-17T01:02:23.000+0000,GET,https://api.example.com/v1/products?category=Software&active=true,200,1334.22,005kF1oE7O8QveX6vK
2026-05-17T01:03:15.000+0000,GET,https://api.example.com/v1/products?category=Software&active=true,201,704.12,0055h37F1zMBsJ7D0j
2026-05-17T01:03:26.000+0000,GET,https://api.example.com/v1/products?category=Software&active=true,200,1255.66,005RTflsXcnpSh5usn
2026-05-17T01:05:25.000+0000,PATCH,https://api.example.com/v1/cases/5005g00000LMN012,200,1805.62,005gOv67Poec7yPHxr
2026-05-17T01:08:04.000+0000,PATCH,https://api.example.com/v1/opportunities,200,2385.63,0059ZjeX4gjnKN1Hhw
2026-05-17T01:12:09.000+0000,GET,https://api.example.com/v1/products?category=Hardware&active=true&limit=50,200,2409.51,0052R0Nu40Vdfhf8Wx
2026-05-17T01:14:31.000+0000,GET,https://api.example.com/v1/opportunities,201,133.95,005vv0p3OISwzB0K7O
2026-05-17T01:15:55.000+0000,POST,https://api.sendgrid.com/v3/mail/send,304,1384.9,00596fxuSqjbopWRfe
2026-05-17T01:21:25.000+0000,POST,https://api.example.com/v1/accounts,200,1443.51,005jrXrm7gORxxNbqo
2026-05-17T01:35:54.000+0000,GET,https://api.example.com/v1/accounts,200,1393.5,0057Nwy9FZj5gdDxak
2026-05-17T01:37:44.000+0000,GET,https://api.example.com/v1/accounts/0015g00000ABC123,200,2250.64,005Hj5yiFz57vjm3Nc
2026-05-17T01:38:37.000+0000,GET,https://api.stripe.com/v1/charges,200,2361.59,005VG0hbbiO2zEeMWN
2026-05-17T01:42:06.000+0000,POST,https://api.example.com/v1/cases/5005g00000LMN012,200,1301.61,005vCVTe9TzXV0p77O
2026-05-17T01:44:16.000+0000,GET,https://api.example.com/v1/products?category=Hardware&active=true&limit=50,401,177.72,005vCVTe9TzXV0p77O
2026-05-17T01:44:16.000+0000,GET,https://api.example.com/v1/products?category=Software&active=true,200,1447.8,005RTflsXcnpSh5usn
2026-05-17T01:44:29.000+0000,GET,https://api.example.com/v2/analytics/reports/00O5g00000ABC123,200,388.23,005jrXrm7gORxxNbqo
2026-05-17T01:46:26.000+0000,GET,https://api.example.com/v1/contacts?accountId=0015g00000ABC123&includeDetails=true,404,424.95,0052R0Nu40Vdfhf8Wx
2026-05-17T01:56:43.000+0000,GET,https://api.example.com/v1/contacts?accountId=0015g00000DEF456&includeDetails=true&page=2,201,2836.05,005RTflsXcnpSh5usn
2026-05-17T01:58:07.000+0000,GET,https://api.example.com/v2/analytics/reports/00O5g00000ABC123,200,2441.61,005xP5oa2wEPwyaZJD
2026-05-17T02:01:52.000+0000,GET,https://api.example.com/v2/analytics/reports/00O5g00000ABC123,204,2933.63,005jrXrm7gORxxNbqo
2026-05-17T02:02:41.000+0000,PATCH,https://api.stripe.com/v1/customers/cus_ABC123XYZ,200,1691.73,005enZmlCZH22AqBp9
2026-05-17T02:03:05.000+0000,POST,https://api.example.com/v1/cases,200,689.28,005RTflsXcnpSh5usn
2026-05-17T02:06:06.000+0000,GET,https://api.example.com/v1/products?category=Hardware&active=true&limit=50,200,1582.06,005YSkPYKH92eTDI71
2026-05-17T02:07:51.000+0000,POST,https://api.sendgrid.com/v3/mail/send,400,395.73,005qsbB14vUYfD0aWn
2026-05-17T02:08:10.000+0000,POST,https://api.stripe.com/v1/charges,200,1700.26,005VG0hbbiO2zEeMWN
2026-05-17T02:12:48.000+0000,GET,https://api.example.com/v1/contacts?accountId=0015g00000DEF456&includeDetails=true&page=2,200,204.09,005YSkPYKH92eTDI71
2026-05-17T02:13:35.000+0000,GET,https://api.example.com/v1/accounts,201,366.65,005Hj5yiFz57vjm3Nc
2026-05-17T02:13:58.000+0000,POST,https://api.example.com/v1/accounts/0015g00000ABC123,200,444.89,005qsbB14vUYfD0aWn
2026-05-17T02:22:45.000+0000,PATCH,https://api.example.com/v1/opportunities/0065g00000XYZ789,200,1111.08,0053LgWjcgBi0E8F1j
2026-05-17T02:25:45.000+0000,GET,https://api.example.com/v1/opportunities,201,232.78,0052R0Nu40Vdfhf8Wx
2026-05-17T02:29:55.000+0000,GET,https://api.example.com/v2/analytics/reports?format=json&includeCharts=true,400,71.32,005RTflsXcnpSh5usn
2026-05-17T02:35:33.000+0000,GET,https://api.example.com/v2/analytics/reports/00O5g00000ABC123,200,1523.69,0052R0Nu40Vdfhf8Wx
2026-05-17T02:37:34.000+0000,GET,https://api.example.com/v2/analytics/reports/00O5g00000ABC123,200,292.5,005xP5oa2wEPwyaZJD
2026-05-17T02:37:46.000+0000,GET,https://api.example.com/v1/products?category=Software&active=true,400,75.07,005YSkPYKH92eTDI71
2026-05-17T02:43:23.000+0000,GET,https://api.example.com/v1/accounts/0015g00000ABC123,400,499.43,005Nkmxn1x4BUVeDYb
2026-05-17T02:44:06.000+0000,GET,https://api.example.com/v1/products?category=Hardware&active=true&limit=50,200,148.7,0052R0Nu40Vdfhf8Wx
2026-05-17T02:45:28.000+0000,GET,https://api.example.com/v1/cases/5005g00000LMN012,200,393.1,005WCidKwFy7oV6gG4
2026-05-17T02:55:09.000+0000,GET,https://api.stripe.com/v1/charges,429,483.82,005dlwLliEa1vL7Ear
2026-05-17T02:58:29.000+0000,POST,https://api.example.com/v1/opportunities,200,206.49,0053LgWjcgBi0E8F1j
2026-05-17T03:15:15.000+0000,GET,https://api.example.com/v1/contacts?accountId=0015g00000DEF456&includeDetails=true&page=2,200,2437.8,0057Nwy9FZj5gdDxak
2026-05-17T03:21:16.000+0000,PATCH,https://api.example.com/v1/opportunities/0065g00000XYZ789,403,276.58,0059ZjeX4gjnKN1Hhw
2026-05-17T03:22:54.000+0000,POST,https://api.sendgrid.com/v3/mail/send,204,1336.65,005YSkPYKH92eTDI71
2026-05-17T03:30:08.000+0000,PATCH,https://api.example.com/v1/opportunities/0065g00000XYZ789,201,956.42,0052R0Nu40Vdfhf8Wx
2026-05-17T03:36:55.000+0000,PATCH,https://api.example.com/v1/opportunities/0065g00000XYZ789,200,2657.71,0053LgWjcgBi0E8F1j
2026-05-17T03:37:53.000+0000,POST,https://api.sendgrid.com/v3/mail/send,200,652.17,005oQP42Bw2i8t9kPl
2026-05-17T03:44:41.000+0000,GET,https://api.example.com/v1/accounts,204,324.61,005sv0pc1vcFLoaN0b
2026-05-17T03:45:59.000+0000,POST,https://api.example.com/v1/accounts,200,1302.34,005CCc4BsUeiqUfUfb
2026-05-17T03:46:29.000+0000,POST,https://api.sendgrid.com/v3/mail/send,201,1921.72,005WCidKwFy7oV6gG4
2026-05-17T03:48:14.000+0000,GET,https://api.example.com/v1/contacts?accountId=0015g00000DEF456&includeDetails=true&page=2,200,2950.29,0059ZjeX4gjnKN1Hhw
2026-05-17T03:54:49.000+0000,GET,https://api.example.com/v1/contacts?accountId=0015g00000ABC123&includeDetails=true,404,218.62,005CCc4BsUeiqUfUfb
2026-05-17T04:02:50.000+0000,GET,https://api.example.com/v1/contacts?accountId=0015g00000DEF456&includeDetails=true&page=2,200,2083.67,00596fxuSqjbopWRfe
2026-05-17T04:02:50.000+0000,GET,https://api.example.com/v1/accounts/0015g00000ABC123,200,2084.55,0052R0Nu40Vdfhf8Wx
2026-05-17T04:10:19.000+0000,GET,https://api.example.com/v1/contacts?accountId=0015g00000ABC123&includeDetails=true,201,1677.43,005Nkmxn1x4BUVeDYb
2026-05-17T04:10:36.000+0000,GET,https://api.stripe.com/v1/customers/cus_ABC123XYZ,502,14650.1,005sv0pc1vcFLoaN0b
2026-05-17T04:11:24.000+0000,GET,https://api.example.com/v1/contacts?accountId=0015g00000ABC123&includeDetails=true,200,2630.9,005jrXrm7gORxxNbqo
2026-05-17T04:12:01.000+0000,GET,https://api.example.com/v2/analytics/reports/00O5g00000ABC123,401,303.32,005VG0hbbiO2zEeMWN
2026-05-17T04:20:15.000+0000,GET,https://api.example.com/v2/analytics/reports?format=json&includeCharts=true,201,1857.78,005qsbB14vUYfD0aWn
2026-05-17T04:22:55.000+0000,POST,https://api.example.com/v1/cases,200,2373.87,0052R0Nu40Vdfhf8Wx
2026-05-17T04:23:39.000+0000,GET,https://api.example.com/v1/contacts?accountId=0015g00000ABC123&includeDetails=true,200,2126.22,005qsbB14vUYfD0aWn
2026-05-17T04:25:35.000+0000,POST,https://api.example.com/v1/accounts,200,2550.92,005Nkmxn1x4BUVeDYb
2026-05-17T04:26:20.000+0000,GET,https://api.example.com/v2/analytics/reports/00O5g00000ABC123,200,2259.61,005jrXrm7gORxxNbqo
2026-05-17T04:29:04.000+0000,PATCH,https://api.stripe.com/v1/customers/cus_ABC123XYZ,201,1737.54,005RTflsXcnpSh5usn
2026-05-17T04:29:48.000+0000,POST,https://api.stripe.com/v1/charges,404,82.09,005kF1oE7O8QveX6vK
2026-05-17T04:38:03.000+0000,GET,https://api.example.com/v2/analytics/reports/00O5g00000ABC123,200,1744.43,005enZmlCZH22AqBp9
2026-05-17T04:39:26.000+0000,PATCH,https://api.example.com/v1/cases,200,2499.52,0052R0Nu40Vdfhf8Wx
2026-05-17T04:39:32.000+0000,PATCH,https://api.example.com/v1/opportunities/0065g00000XYZ789,200,573.36,0059ZjeX4gjnKN1Hhw
2026-05-17T04:40:43.000+0000,PATCH,https://api.example.com/v1/cases,200,1152.48,005gOv67Poec7yPHxr
2026-05-17T04:42:06.000+0000,POST,https://api.example.com/v1/accounts/0015g00000ABC123,200,2396.94,005sv0pc1vcFLoaN0b
2026-05-17T04:45:40.000+0000,GET,https://api.example.com/v1/contacts?accountId=0015g00000DEF456&includeDetails=true&page=2,200,2970.13,005gOv67Poec7yPHxr
2026-05-17T04:54:18.000+0000,GET,https://api.example.com/v1/contacts?accountId=0015g00000DEF456&includeDetails=true&page=2,200,459.81,005oQP42Bw2i8t9kPl
2026-05-17T04:58:43.000+0000,GET,https://api.stripe.com/v1/charges,200,672.4,005dlwLliEa1vL7Ear
2026-05-17T05:01:27.000+0000,PATCH,https://api.example.com/v1/cases/5005g00000LMN012,201,1465.26,0053LgWjcgBi0E8F1j
2026-05-17T05:02:09.000+0000,GET,https://api.example.com/v1/contacts?accountId=0015g00000ABC123&includeDetails=true,200,228.47,005xP5oa2wEPwyaZJD
2026-05-17T05:02:10.000+0000,GET,https://api.example.com/v1/opportunities,200,1480.63,005CCc4BsUeiqUfUfb
2026-05-17T05:02:38.000+0000,GET,https://api.example.com/v1/contacts?accountId=0015g00000ABC123&includeDetails=true,200,2525.28,005xP5oa2wEPwyaZJD
2026-05-17T05:04:14.000+0000,GET,https://api.example.com/v1/accounts,200,1164.65,005gOv67Poec7yPHxr
2026-05-17T05:10:36.000+0000,PATCH,https://api.example.com/v1/opportunities/0065g00000XYZ789,201,714.1,005VG0hbbiO2zEeMWN
2026-05-17T05:15:08.000+0000,POST,https://api.example.com/v1/opportunities/0065g00000XYZ789,204,2253.48,005enZmlCZH22AqBp9
2026-05-17T05:15:41.000+0000,GET,https://api.example.com/v1/products?category=Hardware&active=true&limit=50,201,2916.41,005sv0pc1vcFLoaN0b
2026-05-17T05:22:42.000+0000,PATCH,https://api.example.com/v1/opportunities/0065g00000XYZ789,200,2778.2,00596fxuSqjbopWRfe
2026-05-17T05:23:20.000+0000,POST,https://api.example.com/v1/accounts/0015g00000ABC123,403,241.66,0057Nwy9FZj5gdDxak
2026-05-17T05:30:36.000+0000,GET,https://api.example.com/v1/contacts?accountId=0015g00000DEF456&includeDetails=true&page=2,404,353.87,0053LgWjcgBi0E8F1j
2026-05-17T05:30:54.000+0000,GET,https://api.example.com/v1/cases,200,2264.18,005Hj5yiFz57vjm3Nc
2026-05-17T05:33:10.000+0000,POST,https://api.example.com/v1/accounts/0015g00000ABC123,200,1864.85,005RTflsXcnpSh5usn
2026-05-17T05:42:06.000+0000,POST,https://api.example.com/v1/cases,200,686.67,005CCc4BsUeiqUfUfb
2026-05-17T05:44:17.000+0000,POST,https://api.sendgrid.com/v3/mail/send,200,917.79,005sv0pc1vcFLoaN0b
2026-05-17T05:46:19.000+0000,PATCH,https://api.stripe.com/v1/customers/cus_ABC123XYZ,200,2846.68,005VG0hbbiO2zEeMWN
2026-05-17T05:48:34.000+0000,GET,https://api.example.com/v2/analytics/reports?format=json&includeCharts=true,200,2806.13,0059ZjeX4gjnKN1Hhw
2026-05-17T05:50:15.000+0000,POST,https://api.sendgrid.com/v3/mail/send,200,2517.77,005Ynmcy3aKWRusKd7
2026-05-17T05:55:26.000+0000,GET,https://api.stripe.com/v1/charges,200,1039.39,0057Nwy9FZj5gdDxak
2026-05-17T06:03:02.000+0000,GET,https://api.example.com/v2/analytics/reports?format=json&includeCharts=true,200,2984.59,005YSkPYKH92eTDI71
2026-05-17T06:06:34.000+0000,POST,https://api.example.com/v1/accounts/0015g00000ABC123,200,808.18,005CCc4BsUeiqUfUfb
2026-05-17T06:07:01.000+0000,GET,https://api.stripe.com/v1/customers/cus_ABC123XYZ,200,1924.49,005dlwLliEa1vL7Ear
2026-05-17T06:07:02.000+0000,GET,https://api.example.com/v1/cases/5005g00000LMN012,200,1803.03,005YSkPYKH92eTDI71
2026-05-17T06:12:01.000+0000,GET,https://api.example.com/v2/analytics/reports?format=json&includeCharts=true,429,393.79,005YSkPYKH92eTDI71
2026-05-17T06:12:19.000+0000,GET,https://api.example.com/v1/products?category=Hardware&active=true&limit=50,200,2641.17,0059ZjeX4gjnKN1Hhw
2026-05-17T06:12:28.000+0000,GET,https://api.example.com/v1/contacts?accountId=0015g00000DEF456&includeDetails=true&page=2,201,937.51,0059ZjeX4gjnKN1Hhw
2026-05-17T06:14:11.000+0000,GET,https://api.example.com/v1/contacts?accountId=0015g00000DEF456&includeDetails=true&page=2,201,2454.48,005sv0pc1vcFLoaN0b
2026-05-17T06:18:13.000+0000,GET,https://api.example.com/v1/cases/5005g00000LMN012,200,2166.76,005enZmlCZH22AqBp9
2026-05-17T06:23:20.000+0000,GET,https://api.example.com/v2/analytics/reports/00O5g00000ABC123,200,637.74,0057Nwy9FZj5gdDxak
2026-05-17T06:23:45.000+0000,GET,https://api.example.com/v1/products?category=Hardware&active=true&limit=50,502,15546.12,005YSkPYKH92eTDI71
2026-05-17T06:24:56.000+0000,GET,https://api.example.com/v1/cases,200,2477.02,0052R0Nu40Vdfhf8Wx
2026-05-17T06:25:25.000+0000,PATCH,https://api.example.com/v1/cases,304,2791.51,005Ynmcy3aKWRusKd7
2026-05-17T06:27:49.000+0000,PATCH,https://api.stripe.com/v1/customers/cus_ABC123XYZ,200,255.84,005dlwLliEa1vL7Ear
2026-05-17T06:28:00.000+0000,GET,https://api.example.com/v1/contacts?accountId=0015g00000ABC123&includeDetails=true,304,1194.2,005xP5oa2wEPwyaZJD
2026-05-17T06:28:48.000+0000,GET,https://api.example.com/v1/products?category=Software&active=true,200,2311.62,005qsbB14vUYfD0aWn
2026-05-17T06:31:07.000+0000,GET,https://api.example.com/v1/products?category=Hardware&active=true&limit=50,400,197.62,005qsbB14vUYfD0aWn
2026-05-17T06:35:53.000+0000,GET,https://api.example.com/v2/analytics/reports?format=json&includeCharts=true,400,280.6,005VG0hbbiO2zEeMWN
2026-05-17T06:35:54.000+0000,GET,https://api.example.com/v1/products?category=Hardware&active=true&limit=50,400,271.54,005vCVTe9TzXV0p77O
2026-05-17T06:38:38.000+0000,POST,https://api.sendgrid.com/v3/mail/send,200,2704.04,005xP5oa2wEPwyaZJD
2026-05-17T06:52:09.000+0000,GET,https://api.example.com/v1/cases/5005g00000LMN012,301,2181.15,0053LgWjcgBi0E8F1j
2026-05-17T06:53:13.000+0000,GET,https://api.example.com/v1/accounts/0015g00000ABC123,200,1743.58,005Hj5yiFz57vjm3Nc
2026-05-17T06:53:56.000+0000,GET,https://api.example.com/v1/products?category=Hardware&active=true&limit=50,200,1161.22,005jrXrm7gORxxNbqo
2026-05-17T06:58:44.000+0000,GET,https://api.example.com/v1/contacts?accountId=0015g00000ABC123&includeDetails=true,201,149.58,005xP5oa2wEPwyaZJD
2026-05-17T07:04:11.000+0000,POST,https://api.sendgrid.com/v3/mail/send,200,2626.74,0053LgWjcgBi0E8F1j
2026-05-17T07:06:06.000+0000,GET,https://api.example.com/v2/analytics/reports/00O5g00000ABC123,200,1462.65,0053LgWjcgBi0E8F1j
2026-05-17T07:08:06.000+0000,GET,https://api.stripe.com/v1/charges,404,144.49,0052R0Nu40Vdfhf8Wx
2026-05-17T07:10:12.000+0000,POST,https://api.example.com/v1/accounts,200,1996.57,005Ynmcy3aKWRusKd7
2026-05-17T07:14:12.000+0000,POST,https://api.sendgrid.com/v3/mail/send,200,374.44,005RTflsXcnpSh5usn
2026-05-17T07:16:24.000+0000,GET,https://api.example.com/v1/cases,200,2875.49,0052R0Nu40Vdfhf8Wx
2026-05-17T07:19:51.000+0000,GET,https://api.example.com/v1/products?category=Hardware&active=true&limit=50,201,341.53,005jrXrm7gORxxNbqo
2026-05-17T07:22:10.000+0000,GET,https://api.example.com/v1/products?category=Hardware&active=true&limit=50,200,1455.82,005jrXrm7gORxxNbqo
2026-05-17T07:32:23.000+0000,POST,https://api.example.com/v1/opportunities,200,405.93,005RTflsXcnpSh5usn
2026-05-17T07:32:54.000+0000,GET,https://api.example.com/v2/analytics/reports?format=json&includeCharts=true,201,1345.24,0052R0Nu40Vdfhf8Wx
2026-05-17T07:44:20.000+0000,GET,https://api.stripe.com/v1/charges,201,488.54,005vCVTe9TzXV0p77O
2026-05-17T07:52:05.000+0000,PATCH,https://api.example.com/v1/cases,429,87.37,005qsbB14vUYfD0aWn
2026-05-17T07:54:53.000+0000,POST,https://api.example.com/v1/opportunities/0065g00000XYZ789,200,1659.05,005RTflsXcnpSh5usn
2026-05-17T07:56:47.000+0000,GET,https://api.example.com/v2/analytics/reports/00O5g00000ABC123,304,377.7,0055h37F1zMBsJ7D0j
2026-05-17T07:59:14.000+0000,GET,https://api.example.com/v1/accounts,200,142.74,005xP5oa2wEPwyaZJD
2026-05-17T08:01:47.000+0000,GET,https://api.example.com/v2/analytics/reports/00O5g00000ABC123,200,654.68,005gOv67Poec7yPHxr
2026-05-17T08:05:39.000+0000,PATCH,https://api.stripe.com/v1/customers/cus_ABC123XYZ,200,1667.82,005Ynmcy3aKWRusKd7
2026-05-17T08:14:12.000+0000,PATCH,https://api.stripe.com/v1/customers/cus_ABC123XYZ,204,2430.89,005qsbB14vUYfD0aWn
2026-05-17T08:17:58.000+0000,GET,https://api.example.com/v1/products?category=Software&active=true,200,2266.54,005YSkPYKH92eTDI71
2026-05-17T08:19:37.000+0000,POST,https://api.sendgrid.com/v3/mail/send,200,1026.64,005qsbB14vUYfD0aWn
2026-05-17T08:33:37.000+0000,PATCH,https://api.example.com/v1/cases/5005g00000LMN012,200,2131.17,005CCc4BsUeiqUfUfb
2026-05-17T08:35:11.000+0000,PATCH,https://api.example.com/v1/cases,201,2370.14,005jrXrm7gORxxNbqo
2026-05-17T08:43:32.000+0000,POST,https://api.example.com/v1/accounts/0015g00000ABC123,200,1253.36,005gOv67Poec7yPHxr
2026-05-17T08:47:24.000+0000,GET,https://api.example.com/v1/products?category=Hardware&active=true&limit=50,200,2130.08,005dlwLliEa1vL7Ear
2026-05-17T08:49:55.000+0000,GET,https://api.example.com/v2/analytics/reports?format=json&includeCharts=true,200,1002.0,005sv0pc1vcFLoaN0b
2026-05-17T08:59:14.000+0000,GET,https://api.example.com/v1/contacts?accountId=0015g00000DEF456&includeDetails=true&page=2,200,220.72,005kF1oE7O8QveX6vK
2026-05-17T09:01:44.000+0000,GET,https://api.example.com/v1/contacts?accountId=0015g00000DEF456&includeDetails=true&page=2,200,1924.17,005xP5oa2wEPwyaZJD
2026-05-17T09:03:16.000+0000,GET,https://api.example.com/v1/contacts?accountId=0015g00000DEF456&includeDetails=true&page=2,200,2548.82,005oQP42Bw2i8t9kPl
2026-05-17T09:06:02.000+0000,GET,https://api.example.com/v2/analytics/reports?format=json&includeCharts=true,200,376.21,0055h37F1zMBsJ7D0j
2026-05-17T09:06:39.000+0000,GET,https://api.example.com/v2/analytics/reports?format=json&includeCharts=true,200,1394.68,005gOv67Poec7yPHxr
2026-05-17T09:21:04.000+0000,GET,https://api.example.com/v1/accounts/0015g00000ABC123,400,186.02,00596fxuSqjbopWRfe
2026-05-17T09:22:41.000+0000,PATCH,https://api.example.com/v1/cases/5005g00000LMN012,200,2309.07,0055h37F1zMBsJ7D0j
2026-05-17T09:32:07.000+0000,GET,https://api.example.com/v1/cases/5005g00000LMN012,200,1327.74,005xP5oa2wEPwyaZJD
2026-05-17T09:39:38.000+0000,GET,https://api.stripe.com/v1/customers/cus_ABC123XYZ,201,2963.81,005sv0pc1vcFLoaN0b
2026-05-17T09:41:53.000+0000,GET,https://api.example.com/v1/cases/5005g00000LMN012,200,2956.16,00596fxuSqjbopWRfe
2026-05-17T09:48:59.000+0000,GET,https://api.example.com/v2/analytics/reports?format=json&includeCharts=true,400,55.55,005gOv67Poec7yPHxr
2026-05-17T09:50:36.000+0000,GET,https://api.example.com/v2/analytics/reports?format=json&includeCharts=true,301,596.69,005qsbB14vUYfD0aWn
2026-05-17T09:50:49.000+0000,POST,https://api.example.com/v1/opportunities/0065g00000XYZ789,200,2927.06,005xP5oa2wEPwyaZJD
2026-05-17T09:56:02.000+0000,GET,https://api.example.com/v1/accounts/0015g00000ABC123,400,294.49,005sv0pc1vcFLoaN0b
2026-05-17T09:58:50.000+0000,GET,https://api.example.com/v1/contacts?accountId=0015g00000DEF456&includeDetails=true&page=2,200,579.24,005kF1oE7O8QveX6vK
2026-05-17T09:59:13.000+0000,GET,https://api.example.com/v1/contacts?accountId=0015g00000DEF456&includeDetails=true&page=2,200,1988.85,005vCVTe9TzXV0p77O
2026-05-17T10:07:04.000+0000,GET,https://api.example.com/v1/products?category=Software&active=true,201,2154.7,005YSkPYKH92eTDI71
2026-05-17T10:08:08.000+0000,GET,https://api.example.com/v1/contacts?accountId=0015g00000DEF456&includeDetails=true&page=2,200,2050.93,005vv0p3OISwzB0K7O
2026-05-17T10:08:57.000+0000,GET,https://api.example.com/v2/analytics/reports?format=json&includeCharts=true,404,151.56,005jrXrm7gORxxNbqo
2026-05-17T10:09:08.000+0000,GET,https://api.example.com/v1/opportunities/0065g00000XYZ789,200,313.92,005gOv67Poec7yPHxr
2026-05-17T10:09:15.000+0000,GET,https://api.example.com/v2/analytics/reports?format=json&includeCharts=true,400,193.63,005gOv67Poec7yPHxr
2026-05-17T10:22:29.000+0000,POST,https://api.example.com/v1/cases/5005g00000LMN012,201,1011.89,005YSkPYKH92eTDI71
2026-05-17T10:24:15.000+0000,GET,https://api.example.com/v1/products?category=Hardware&active=true&limit=50,200,2078.91,005enZmlCZH22AqBp9
2026-05-17T10:24:20.000+0000,PATCH,https://api.example.com/v1/opportunities,201,2653.68,005vv0p3OISwzB0K7O
2026-05-17T10:25:23.000+0000,GET,https://api.example.com/v1/cases/5005g00000LMN012,500,10046.59,005vv0p3OISwzB0K7O
2026-05-17T10:27:11.000+0000,GET,https://api.stripe.com/v1/customers/cus_ABC123XYZ,204,939.24,005WCidKwFy7oV6gG4
2026-05-17T10:29:07.000+0000,POST,https://api.example.com/v1/opportunities,200,322.32,005jrXrm7gORxxNbqo
2026-05-17T10:31:29.000+0000,POST,https://api.example.com/v1/accounts/0015g00000ABC123,200,2338.33,005qsbB14vUYfD0aWn
2026-05-17T10:33:44.000+0000,GET,https://api.example.com/v1/contacts?accountId=0015g00000DEF456&includeDetails=true&page=2,200,2592.48,005vv0p3OISwzB0K7O
2026-05-17T10:35:31.000+0000,GET,https://api.example.com/v1/opportunities/0065g00000XYZ789,200,204.94,005CCc4BsUeiqUfUfb
2026-05-17T10:35:59.000+0000,GET,https://api.example.com/v1/products?category=Hardware&active=true&limit=50,200,2453.34,005VG0hbbiO2zEeMWN
2026-05-17T10:37:28.000+0000,GET,https://api.example.com/v1/accounts/0015g00000ABC123,503,15787.7,005kF1oE7O8QveX6vK
2026-05-17T10:39:43.000+0000,GET,https://api.example.com/v2/analytics/reports/00O5g00000ABC123,200,2593.37,005Hj5yiFz57vjm3Nc
2026-05-17T10:44:16.000+0000,POST,https://api.sendgrid.com/v3/mail/send,200,2530.87,00596fxuSqjbopWRfe
2026-05-17T10:44:35.000+0000,GET,https://api.stripe.com/v1/customers/cus_ABC123XYZ,401,351.41,005RTflsXcnpSh5usn
2026-05-17T10:48:00.000+0000,GET,https://api.example.com/v1/accounts,304,166.79,005kF1oE7O8QveX6vK
2026-05-17T10:48:07.000+0000,POST,https://api.sendgrid.com/v3/mail/send,500,28297.04,005Nkmxn1x4BUVeDYb
2026-05-17T10:49:13.000+0000,GET,https://api.example.com/v2/analytics/reports/00O5g00000ABC123,404,153.1,005sv0pc1vcFLoaN0b
2026-05-17T10:53:19.000+0000,GET,https://api.example.com/v2/analytics/reports/00O5g00000ABC123,200,2654.99,005VG0hbbiO2zEeMWN
2026-05-17T11:01:19.000+0000,POST,https://api.example.com/v1/cases,404,160.34,005vCVTe9TzXV0p77O
2026-05-17T11:01:22.000+0000,GET,https://api.example.com/v1/contacts?accountId=0015g00000DEF456&includeDetails=true&page=2,400,105.36,005qsbB14vUYfD0aWn
2026-05-17T11:07:51.000+0000,GET,https://api.example.com/v1/products?category=Software&active=true,200,2067.36,0052R0Nu40Vdfhf8Wx
2026-05-17T11:23:54.000+0000,GET,https://api.example.com/v1/products?category=Software&active=true,200,1930.25,005dlwLliEa1vL7Ear
2026-05-17T11:23:56.000+0000,GET,https://api.example.com/v2/analytics/reports/00O5g00000ABC123,204,1967.94,0059ZjeX4gjnKN1Hhw
2026-05-17T11:25:12.000+0000,GET,https://api.example.com/v1/products?category=Software&active=true,200,980.87,005Ynmcy3aKWRusKd7
2026-05-17T11:25:25.000+0000,GET,https://api.example.com/v2/analytics/reports?format=json&includeCharts=true,304,2089.83,0052R0Nu40Vdfhf8Wx
2026-05-17T11:37:09.000+0000,GET,https://api.example.com/v1/contacts?accountId=0015g00000ABC123&includeDetails=true,200,978.84,005vCVTe9TzXV0p77O
2026-05-17T11:38:51.000+0000,GET,https://api.example.com/v1/products?category=Software&active=true,301,2969.28,005qsbB14vUYfD0aWn
2026-05-17T11:40:09.000+0000,GET,https://api.example.com/v2/analytics/reports?format=json&includeCharts=true,200,271.71,00596fxuSqjbopWRfe
2026-05-17T11:41:40.000+0000,POST,https://api.example.com/v1/accounts/0015g00000ABC123,200,2761.31,00596fxuSqjbopWRfe
2026-05-17T11:47:22.000+0000,GET,https://api.example.com/v1/contacts?accountId=0015g00000DEF456&includeDetails=true&page=2,200,1559.69,005kF1oE7O8QveX6vK
2026-05-17T11:53:38.000+0000,GET,https://api.example.com/v1/contacts?accountId=0015g00000ABC123&includeDetails=true,201,1884.62,005dlwLliEa1vL7Ear
2026-05-17T11:55:39.000+0000,PATCH,https://api.example.com/v1/cases,204,1255.67,005oQP42Bw2i8t9kPl
2026-05-17T11:57:58.000+0000,GET,https://api.example.com/v1/products?category=Software&active=true,201,776.39,005xP5oa2wEPwyaZJD
2026-05-17T11:58:43.000+0000,POST,https://api.sendgrid.com/v3/mail/send,301,2202.34,005qsbB14vUYfD0aWn
2026-05-17T12:00:27.000+0000,GET,https://api.example.com/v1/products?category=Hardware&active=true&limit=50,200,367.95,005RTflsXcnpSh5usn
2026-05-17T12:01:21.000+0000,GET,https://api.example.com/v1/accounts/0015g00000ABC123,204,278.33,0052R0Nu40Vdfhf8Wx
2026-05-17T12:06:09.000+0000,POST,https://api.example.com/v1/cases,200,2172.65,005gOv67Poec7yPHxr
2026-05-17T12:06:42.000+0000,PATCH,https://api.example.com/v1/opportunities,200,1436.67,005xP5oa2wEPwyaZJD
2026-05-17T12:08:19.000+0000,GET,https://api.example.com/v1/products?category=Hardware&active=true&limit=50,200,1893.85,005sv0pc1vcFLoaN0b
2026-05-17T12:15:38.000+0000,GET,https://api.example.com/v1/contacts?accountId=0015g00000DEF456&includeDetails=true&page=2,200,652.41,0053LgWjcgBi0E8F1j
2026-05-17T12:16:10.000+0000,GET,https://api.stripe.com/v1/customers/cus_ABC123XYZ,201,1782.64,005enZmlCZH22AqBp9
2026-05-17T12:18:34.000+0000,GET,https://api.example.com/v1/cases,200,983.62,005enZmlCZH22AqBp9
2026-05-17T12:23:53.000+0000,GET,https://api.example.com/v1/opportunities,200,1871.9,00596fxuSqjbopWRfe
2026-05-17T12:33:43.000+0000,GET,https://api.example.com/v2/analytics/reports/00O5g00000ABC123,200,2807.52,0055h37F1zMBsJ7D0j
2026-05-17T12:34:40.000+0000,PATCH,https://api.example.com/v1/cases,200,2343.59,005jrXrm7gORxxNbqo
2026-05-17T12:35:46.000+0000,GET,https://api.stripe.com/v1/customers/cus_ABC123XYZ,200,376.99,005RTflsXcnpSh5usn
2026-05-17T12:37:37.000+0000,GET,https://api.stripe.com/v1/charges,200,442.87,005Hj5yiFz57vjm3Nc
2026-05-17T12:39:33.000+0000,GET,https://api.example.com/v2/analytics/reports/00O5g00000ABC123,200,450.15,005VG0hbbiO2zEeMWN
2026-05-17T12:58:20.000+0000,GET,https://api.example.com/v1/contacts?accountId=0015g00000DEF456&includeDetails=true&page=2,200,2209.34,005sv0pc1vcFLoaN0b
2026-05-17T12:58:30.000+0000,GET,https://api.example.com/v1/products?category=Hardware&active=true&limit=50,200,526.17,0052R0Nu40Vdfhf8Wx
2026-05-17T12:58:47.000+0000,PATCH,https://api.example.com/v1/opportunities/0065g00000XYZ789,404,197.79,0059ZjeX4gjnKN1Hhw
2026-05-17T13:03:32.000+0000,GET,https://api.example.com/v1/cases,200,522.07,005oQP42Bw2i8t9kPl
2026-05-17T13:04:56.000+0000,POST,https://api.sendgrid.com/v3/mail/send,200,416.69,00596fxuSqjbopWRfe
2026-05-17T13:06:56.000+0000,GET,https://api.example.com/v1/products?category=Hardware&active=true&limit=50,200,435.59,0053LgWjcgBi0E8F1j
2026-05-17T13:14:04.000+0000,GET,https://api.example.com/v2/analytics/reports?format=json&includeCharts=true,404,438.0,0055h37F1zMBsJ7D0j
2026-05-17T13:15:42.000+0000,POST,https://api.example.com/v1/cases/5005g00000LMN012,200,2382.76,0055h37F1zMBsJ7D0j
2026-05-17T13:16:27.000+0000,GET,https://api.example.com/v1/opportunities,200,1782.28,005dlwLliEa1vL7Ear
2026-05-17T13:16:54.000+0000,GET,https://api.example.com/v1/products?category=Hardware&active=true&limit=50,301,356.04,005Ynmcy3aKWRusKd7
2026-05-17T13:18:03.000+0000,POST,https://api.example.com/v1/accounts/0015g00000ABC123,404,275.09,005enZmlCZH22AqBp9
2026-05-17T13:25:43.000+0000,GET,https://api.example.com/v2/analytics/reports?format=json&includeCharts=true,200,2331.04,00596fxuSqjbopWRfe
2026-05-17T13:27:11.000+0000,POST,https://api.stripe.com/v1/charges,200,779.93,005YSkPYKH92eTDI71
2026-05-17T13:32:20.000+0000,GET,https://api.example.com/v1/cases,404,471.02,005gOv67Poec7yPHxr
2026-05-17T13:33:17.000+0000,GET,https://api.example.com/v1/contacts?accountId=0015g00000ABC123&includeDetails=true,200,112.11,005gOv67Poec7yPHxr
2026-05-17T13:34:57.000+0000,PATCH,https://api.example.com/v1/opportunities/0065g00000XYZ789,503,11540.99,005gOv67Poec7yPHxr
2026-05-17T13:39:22.000+0000,GET,https://api.example.com/v1/products?category=Software&active=true,201,1277.07,005sv0pc1vcFLoaN0b
2026-05-17T13:40:46.000+0000,POST,https://api.example.com/v1/cases,200,970.49,00596fxuSqjbopWRfe
2026-05-17T13:44:08.000+0000,GET,https://api.example.com/v1/contacts?accountId=0015g00000ABC123&includeDetails=true,200,1598.77,0053LgWjcgBi0E8F1j
2026-05-17T13:50:48.000+0000,PATCH,https://api.stripe.com/v1/customers/cus_ABC123XYZ,200,973.21,005VG0hbbiO2zEeMWN
2026-05-17T13:51:39.000+0000,POST,https://api.example.com/v1/opportunities/0065g00000XYZ789,201,2022.65,005jrXrm7gORxxNbqo
2026-05-17T13:52:04.000+0000,PATCH,https://api.example.com/v1/opportunities/0065g00000XYZ789,200,2010.36,005vv0p3OISwzB0K7O
2026-05-17T13:55:19.000+0000,GET,https://api.example.com/v1/products?category=Hardware&active=true&limit=50,200,902.43,005vCVTe9TzXV0p77O
2026-05-17T14:01:17.000+0000,GET,https://api.example.com/v1/contacts?accountId=0015g00000DEF456&includeDetails=true&page=2,200,2611.85,005enZmlCZH22AqBp9
2026-05-17T14:06:39.000+0000,GET,https://api.example.com/v1/contacts?accountId=0015g00000ABC123&includeDetails=true,200,2076.48,0057Nwy9FZj5gdDxak
2026-05-17T14:10:20.000+0000,GET,https://api.stripe.com/v1/charges,400,369.2,005xP5oa2wEPwyaZJD
2026-05-17T14:18:54.000+0000,GET,https://api.example.com/v1/opportunities,400,231.07,005enZmlCZH22AqBp9
2026-05-17T14:19:32.000+0000,PATCH,https://api.example.com/v1/cases,200,2926.94,0055h37F1zMBsJ7D0j
2026-05-17T14:19:46.000+0000,GET,https://api.example.com/v1/products?category=Software&active=true,200,2850.18,0057Nwy9FZj5gdDxak
2026-05-17T14:22:14.000+0000,GET,https://api.example.com/v2/analytics/reports/00O5g00000ABC123,200,1964.31,005Hj5yiFz57vjm3Nc
2026-05-17T14:24:48.000+0000,PATCH,https://api.example.com/v1/opportunities/0065g00000XYZ789,301,1499.41,005enZmlCZH22AqBp9
2026-05-17T14:28:54.000+0000,GET,https://api.stripe.com/v1/customers/cus_ABC123XYZ,200,2279.96,005vCVTe9TzXV0p77O
2026-05-17T14:31:31.000+0000,GET,https://api.example.com/v2/analytics/reports/00O5g00000ABC123,201,1201.52,005qsbB14vUYfD0aWn
2026-05-17T14:37:53.000+0000,GET,https://api.example.com/v1/products?category=Hardware&active=true&limit=50,404,253.85,0055h37F1zMBsJ7D0j
2026-05-17T14:40:01.000+0000,GET,https://api.example.com/v1/opportunities,200,2213.83,005Nkmxn1x4BUVeDYb
2026-05-17T14:43:06.000+0000,PATCH,https://api.example.com/v1/opportunities/0065g00000XYZ789,200,1154.26,005gOv67Poec7yPHxr
2026-05-17T14:48:13.000+0000,GET,https://api.example.com/v1/products?category=Hardware&active=true&limit=50,200,2502.1,0052R0Nu40Vdfhf8Wx
2026-05-17T14:58:37.000+0000,GET,https://api.stripe.com/v1/charges,200,1723.13,005enZmlCZH22AqBp9
2026-05-17T14:59:37.000+0000,GET,https://api.example.com/v1/contacts?accountId=0015g00000ABC123&includeDetails=true,200,483.93,00596fxuSqjbopWRfe
2026-05-17T15:03:35.000+0000,GET,https://api.example.com/v1/products?category=Software&active=true,200,2053.83,005RTflsXcnpSh5usn
2026-05-17T15:04:41.000+0000,GET,https://api.example.com/v1/contacts?accountId=0015g00000ABC123&includeDetails=true,400,368.65,005Ynmcy3aKWRusKd7
2026-05-17T15:06:07.000+0000,GET,https://api.example.com/v2/analytics/reports?format=json&includeCharts=true,200,609.94,005YSkPYKH92eTDI71
2026-05-17T15:08:05.000+0000,GET,https://api.example.com/v1/accounts/0015g00000ABC123,200,2676.79,005vv0p3OISwzB0K7O
2026-05-17T15:09:45.000+0000,GET,https://api.example.com/v1/accounts/0015g00000ABC123,200,2303.24,005YSkPYKH92eTDI71
2026-05-17T15:11:22.000+0000,GET,https://api.stripe.com/v1/customers/cus_ABC123XYZ,204,1734.41,005gOv67Poec7yPHxr
2026-05-17T15:14:08.000+0000,GET,https://api.example.com/v2/analytics/reports/00O5g00000ABC123,200,1042.78,005RTflsXcnpSh5usn
2026-05-17T15:16:42.000+0000,PATCH,https://api.stripe.com/v1/customers/cus_ABC123XYZ,200,2382.9,005enZmlCZH22AqBp9
2026-05-17T15:31:54.000+0000,POST,https://api.example.com/v1/cases,200,540.14,0057Nwy9FZj5gdDxak
2026-05-17T15:36:26.000+0000,GET,https://api.example.com/v1/products?category=Software&active=true,200,2164.2,005oQP42Bw2i8t9kPl
2026-05-17T15:37:11.000+0000,GET,https://api.example.com/v1/accounts/0015g00000ABC123,429,171.8,005Hj5yiFz57vjm3Nc
2026-05-17T15:40:43.000+0000,GET,https://api.example.com/v1/products?category=Hardware&active=true&limit=50,200,2139.33,005dlwLliEa1vL7Ear
2026-05-17T15:48:49.000+0000,GET,https://api.example.com/v1/contacts?accountId=0015g00000DEF456&includeDetails=true&page=2,200,714.38,005jrXrm7gORxxNbqo
2026-05-17T15:55:28.000+0000,POST,https://api.sendgrid.com/v3/mail/send,200,1943.35,005kF1oE7O8QveX6vK
2026-05-17T15:58:11.000+0000,POST,https://api.example.com/v1/opportunities/0065g00000XYZ789,200,2563.33,0053LgWjcgBi0E8F1j
2026-05-17T16:00:07.000+0000,GET,https://api.stripe.com/v1/charges,200,664.81,005qsbB14vUYfD0aWn
2026-05-17T16:03:18.000+0000,POST,https://api.stripe.com/v1/charges,200,99.59,0052R0Nu40Vdfhf8Wx
2026-05-17T16:12:17.000+0000,POST,https://api.example.com/v1/opportunities/0065g00000XYZ789,429,430.77,005Hj5yiFz57vjm3Nc
2026-05-17T16:14:20.000+0000,GET,https://api.example.com/v2/analytics/reports/00O5g00000ABC123,200,2198.83,005xP5oa2wEPwyaZJD
2026-05-17T16:21:43.000+0000,PATCH,https://api.example.com/v1/opportunities,200,963.44,005vCVTe9TzXV0p77O
2026-05-17T16:24:07.000+0000,GET,https://api.example.com/v1/opportunities/0065g00000XYZ789,200,955.85,005jrXrm7gORxxNbqo
2026-05-17T16:24:41.000+0000,PATCH,https://api.example.com/v1/cases,400,202.55,0059ZjeX4gjnKN1Hhw
2026-05-17T16:26:36.000+0000,POST,https://api.sendgrid.com/v3/mail/send,200,1716.48,005xP5oa2wEPwyaZJD
2026-05-17T16:28:38.000+0000,GET,https://api.stripe.com/v1/customers/cus_ABC123XYZ,503,20631.64,005vCVTe9TzXV0p77O
2026-05-17T16:33:16.000+0000,GET,https://api.example.com/v1/products?category=Hardware&active=true&limit=50,200,473.27,0059ZjeX4gjnKN1Hhw
2026-05-17T16:35:44.000+0000,PATCH,https://api.stripe.com/v1/customers/cus_ABC123XYZ,200,1618.89,005dlwLliEa1vL7Ear
2026-05-17T16:35:46.000+0000,GET,https://api.example.com/v1/contacts?accountId=0015g00000DEF456&includeDetails=true&page=2,201,1278.88,005VG0hbbiO2zEeMWN
2026-05-17T16:37:49.000+0000,POST,https://api.example.com/v1/accounts/0015g00000ABC123,200,1695.97,005oQP42Bw2i8t9kPl
2026-05-17T16:37:49.000+0000,GET,https://api.stripe.com/v1/charges,200,1096.59,005vv0p3OISwzB0K7O
2026-05-17T16:45:56.000+0000,GET,https://api.example.com/v1/contacts?accountId=0015g00000ABC123&includeDetails=true,304,1845.73,0053LgWjcgBi0E8F1j
2026-05-17T16:48:37.000+0000,GET,https://api.example.com/v1/products?category=Hardware&active=true&limit=50,200,838.28,0053LgWjcgBi0E8F1j
2026-05-17T16:48:47.000+0000,PATCH,https://api.example.com/v1/opportunities/0065g00000XYZ789,403,259.12,005enZmlCZH22AqBp9
2026-05-17T16:53:37.000+0000,GET,https://api.stripe.com/v1/charges,200,629.39,0055h37F1zMBsJ7D0j
2026-05-17T17:01:37.000+0000,GET,https://api.example.com/v1/products?category=Software&active=true,400,79.11,005dlwLliEa1vL7Ear
2026-05-17T17:03:09.000+0000,POST,https://api.example.com/v1/accounts,201,1277.45,005oQP42Bw2i8t9kPl
2026-05-17T17:05:27.000+0000,PATCH,https://api.example.com/v1/cases/5005g00000LMN012,200,514.17,005vCVTe9TzXV0p77O
2026-05-17T17:05:55.000+0000,GET,https://api.example.com/v1/accounts,404,152.93,005Hj5yiFz57vjm3Nc
2026-05-17T17:06:37.000+0000,GET,https://api.example.com/v1/contacts?accountId=0015g00000DEF456&includeDetails=true&page=2,200,1973.58,005enZmlCZH22AqBp9
2026-05-17T17:07:58.000+0000,GET,https://api.example.com/v1/products?category=Hardware&active=true&limit=50,201,777.41,0057Nwy9FZj5gdDxak
2026-05-17T17:09:43.000+0000,GET,https://api.stripe.com/v1/charges,200,2117.6,005xP5oa2wEPwyaZJD
2026-05-17T17:13:39.000+0000,GET,https://api.example.com/v1/contacts?accountId=0015g00000ABC123&includeDetails=true,200,2006.32,005dlwLliEa1vL7Ear
2026-05-17T17:14:35.000+0000,PATCH,https://api.example.com/v1/cases/5005g00000LMN012,403,148.83,005gOv67Poec7yPHxr
2026-05-17T17:17:02.000+0000,GET,https://api.example.com/v1/accounts,200,1988.26,0059ZjeX4gjnKN1Hhw
2026-05-17T17:18:16.000+0000,POST,https://api.example.com/v1/accounts/0015g00000ABC123,200,2112.69,005Hj5yiFz57vjm3Nc
2026-05-17T17:20:57.000+0000,POST,https://api.stripe.com/v1/charges,200,2422.09,005qsbB14vUYfD0aWn
2026-05-17T17:22:25.000+0000,GET,https://api.example.com/v1/products?category=Software&active=true,200,2097.17,005qsbB14vUYfD0aWn
2026-05-17T17:23:00.000+0000,GET,https://api.example.com/v1/products?category=Software&active=true,200,1855.47,005RTflsXcnpSh5usn
2026-05-17T17:29:23.000+0000,POST,https://api.example.com/v1/accounts/0015g00000ABC123,200,1661.73,005oQP42Bw2i8t9kPl
2026-05-17T17:30:45.000+0000,GET,https://api.example.com/v1/contacts?accountId=0015g00000DEF456&includeDetails=true&page=2,200,532.71,0055h37F1zMBsJ7D0j
2026-05-17T17:33:06.000+0000,GET,https://api.example.com/v2/analytics/reports/00O5g00000ABC123,200,1413.76,005vv0p3OISwzB0K7O
2026-05-17T17:33:30.000+0000,GET,https://api.example.com/v1/products?category=Software&active=true,200,1273.32,005qsbB14vUYfD0aWn
2026-05-17T17:36:12.000+0000,POST,https://api.stripe.com/v1/charges,400,81.67,005YSkPYKH92eTDI71
2026-05-17T17:36:14.000+0000,GET,https://api.example.com/v1/opportunities,200,1779.58,005vv0p3OISwzB0K7O
2026-05-17T17:42:02.000+0000,GET,https://api.example.com/v2/analytics/reports?format=json&includeCharts=true,200,661.13,0053LgWjcgBi0E8F1j
2026-05-17T17:55:36.000+0000,GET,https://api.stripe.com/v1/customers/cus_ABC123XYZ,200,310.47,005sv0pc1vcFLoaN0b
2026-05-17T17:58:11.000+0000,POST,https://api.example.com/v1/opportunities,200,582.64,005VG0hbbiO2zEeMWN
